INSERT INTO roles (`name`) VALUES ('ROLE_USER');
INSERT INTO roles (`name`) VALUES ('ROLE_MODERATOR');
INSERT INTO roles (`name`) VALUES ('ROLE_ADMIN');

INSERT INTO `users` (`id`, `username`, `job`, `department`, `email`, `passwd`, `city`, `user_level`, `note`, `direct_manager`, `last_validation`) VALUES
	(1, 'admin', 'System Administrator', 'IT', 'admin@admin.com', '$2y$12$nL3g7WgEOlciPUOH99Ml7.m.FIAtIbRjN/WLDyr05MZTX2XnpKbgK', 'Pécs', 'Architect', 'notes', NULL, NULL),
	(2, 'arpad', 'ProjectContainer Manager', 'IT', 'arpad@gmail.com', '$2y$12$kgAcVYHNMj8wtcU4vsdtQOTqhU9g9YCfGFez0gp03noGgQ24N9c/2', 'Budapest', 'Senior', 'notes2', 1, NULL),
	(3, 'megyer', 'Developer', 'IT', 'megyer@4shared.com', '$2y$12$jw4Fy2qsgvmPOBW8R6zOP.XSACM3X8EmU0tvzNK7WpAIvwWy1w7AO', 'Pécs', 'Junior', 'notes3', 1, NULL),
	(4, 'almos', 'Geological Engineer', 'Accounting', 'ospain3@4shared.com', '$2y$12$he4Kf48ITrSdF3mp8s.U.Otc63PDQLQhmBKQP74.u37OOjoHpRshS', 'Arbuzynka', 'Senior', 'Zillow', 2, NULL),
	(5, 'elod', 'Safety Technician III', 'Business Development', 'aelland4@studiopress.com', '$2y$12$cTbwLSeOdDMjeAmCUkFJzOhuKFzTq6stJFYn1XrZrJXJ.Xrtd/Tq2', 'Menghe', 'Architect', 'Home Care', 2, NULL),
	(6, 'ond', 'Help Desk Operator', 'Human Resources', 'ldiggles5@hao123.com', '$2y$12$3PHtPmeELynMXo6./W.FwO4cWmSTQee7FniS24FnO9NjsO8E0KJRe', 'Ab? T?j', 'Junior', 'Bioinformatics', 2, NULL),
	(7, 'kond', 'VP Quality Control', 'Engineering', 'mthornbarrow6@wikispaces.com', '$2y$12$lEGQCLmpivb6DULpQsQs4OVCaLI4wx1gGj9rf9WDUxFr3egYGWZuK', 'Yuzawa', 'Senior', 'IT Solutions', 2, NULL),
	(8, 'huba', 'Environmental Specialist', 'Training', 'lsirrell7@photobucket.com', '$2y$12$di75y4Ekw28NmO7mpwOYouff93aHVHPPmKvao/zt.bi2P6YVCN/r.', 'Tiexi', 'Architect', 'Navisworks', 2, NULL),
	(9, 'nyek', 'Tax Accountant', 'Human Resources', 'ecook8@intel.com', '$2y$12$ZEOKRcl9vCzzdcj87zIQqeTKXB//xK8ekXt5tCrSy8LHmlzp/Pf/2', 'Santa Catalina Norte', 'Junior', 'International Relations', 3, NULL),
	(10, 'tarjan', 'Sales Associate', 'Services', 'pjeaffreson9@netvibes.com', '$2y$12$Yk9EfXqwsUBAq85UIHXTo.snSmYHjqzXcd/LGTDVTay7yoaZi8CxC', 'Bruxelles', 'Senior', 'NDE', 3, NULL),
	(11, 'jeno', 'Nurse', 'Product Management', 'qmcmastera@fda.gov', '$2y$12$qPwdxsYZG3vsOoUZi/5jxuvZvht0WYw0xOJo4ldCfg5kPvusuRMia', 'Golema Re?ica', 'Architect', 'Aerospace Industries', 3, NULL),
	(12, 'ker', 'Assistant Manager', 'Legal', 'gmelonbyb@sitemeter.com', '$2y$12$1HnbnaAD.lyQ.TN7KS3cq.BSMREGiEmzMPxsvjklsmU6AH375WRiu', 'Ruda-Huta', 'Junior', 'RLC', 3, NULL),
	(13, 'keszi', 'Sales Representative', 'Engineering', 'cpahlerc@woothemes.com', '$2y$12$61scVc2lOKMx/A6vOazXLO9DvLn/ReKslWr78mqQsHrkuShZyPXa6', 'Kuanda', 'Senior', '5 Why', 3, NULL),
	(14, 'avandervliesd', 'Budget/Accounting Analyst I', 'Support', 'rtonkind@boston.com', NULL, 'Buenos Aires', 'Architect', 'PMD', 9, NULL),
	(15, 'rtegellere', 'Paralegal', 'Engineering', 'bmcclounane@aol.com', NULL, 'Kimanuit', 'Junior', 'Area Rugs', 11, NULL),
	(16, 'agillattf', 'Internal Auditor', 'Human Resources', 'kmcfadinf@apache.org', NULL, 'Eisen', 'Senior', 'OTRS', 4, NULL),
	(17, 'hgrimsellg', 'Information Systems Manager', 'Sales', 'kweatherdong@uol.com.br', NULL, 'Torre', 'Architect', 'Ethernet over Copper', 5, NULL),
	(18, 'dbridgesh', 'Programmer IV', 'Training', 'kdumingoh@ftc.gov', NULL, 'Phù Cát', 'Junior', 'Volunteer Management', 9, NULL),
	(19, 'nseeleyi', 'Quality Control Specialist', 'Marketing', 'rbelverstonei@jigsy.com', NULL, 'Hane', 'Senior', 'HR Software', 9, NULL),
	(20, 'vwindressj', 'Dental Hygienist', 'Business Development', 'icysonj@google.it', NULL, 'San Pedro Pinula', 'Architect', 'Downstream Oil &amp; Gas', 6, NULL),
	(21, 'awinstonk', 'Database Administrator IV', 'Human Resources', 'jpaulyk@mashable.com', NULL, 'Fojo', 'Junior', 'Integrated Marketing', 4, NULL),
	(22, 'fpenningsl', 'Computer Systems Analyst I', 'Sales', 'cmckevittl@sina.com.cn', NULL, 'Ciudad Bolívar', 'Senior', 'VLC', 6, NULL),
	(23, 'jdumbellm', 'Nurse Practicioner', 'Accounting', 'cinstrellm@cdbaby.com', NULL, 'Chaumont', 'Architect', 'Google Earth', 9, NULL),
	(24, 'sshotboltn', 'Research Nurse', 'Legal', 'cgherardescin@last.fm', NULL, 'Niagara Falls', 'Junior', 'Koine Greek', 4, NULL),
	(25, 'tbuddello', 'VP Accounting', 'Services', 'fperazzoo@cafepress.com', NULL, 'Dzwola', 'Senior', 'UB92', 11, NULL),
	(26, 'estangroomp', 'Data Coordiator', 'Accounting', 'rtolep@usgs.gov', NULL, 'Wanshi', 'Architect', 'GIS', 10, NULL),
	(27, 'mpaynterq', 'Compensation Analyst', 'Training', 'kmcartq@mapy.cz', NULL, 'Dampol', 'Junior', 'LAN Switching', 12, NULL),
	(28, 'tteulierr', 'Statistician IV', 'Product Management', 'vvannerr@huffingtonpost.com', NULL, 'Luoqiao', 'Senior', 'LDO', 10, NULL),
	(29, 'rpritchards', 'Community Outreach Specialist', 'Human Resources', 'igriegs@timesonline.co.uk', NULL, 'Biyong', 'Architect', 'Gift Cards', 9, NULL),
	(30, 'eassindert', 'Software Test Engineer III', 'Research and Development', 'npophamt@businessinsider.com', NULL, 'Pacanga', 'Junior', 'User Scenarios', 11, NULL),
	(31, 'idresseru', 'VP Sales', 'Support', 'htwentymanu@about.me', NULL, 'Luhyny', 'Senior', 'Mutual Funds', 5, NULL),
	(32, 'jklemenzv', 'Research Associate', 'Training', 'hgadsonv@sun.com', NULL, 'Hengxi', 'Architect', 'Microsoft Word', 12, NULL),
	(33, 'tbewfieldw', 'Senior Quality Engineer', 'Product Management', 'dhryncewiczw@woothemes.com', NULL, 'Liozon', 'Junior', 'Grief Counseling', 4, NULL),
	(34, 'rbaglowx', 'Food Chemist', 'Training', 'ssisselotx@delicious.com', NULL, 'Jaru', 'Senior', 'ODBC', 11, NULL),
	(35, 'hpratory', 'Database Administrator III', 'Training', 'cbentincky@china.com.cn', NULL, 'Kakamas', 'Architect', 'PKI', 11, NULL),
	(36, 'jmcgannonz', 'Structural Analysis Engineer', 'Product Management', 'csillarsz@europa.eu', NULL, 'Huntington', 'Junior', 'SQL*Plus', 11, NULL),
	(37, 'eolding10', 'Dental Hygienist', 'Product Management', 'cwilliam10@virginia.edu', NULL, 'Zhangjiayuan', 'Senior', 'DC Power', 8, NULL),
	(38, 'bsemper11', 'Research Associate', 'Sales', 'lcolleford11@hao123.com', NULL, 'Zuw?rah', 'Architect', 'Income Tax', 11, NULL),
	(39, 'hlancett12', 'Geological Engineer', 'Marketing', 'mwestpfel12@usnews.com', NULL, 'Durazno', 'Junior', 'PFlow', 7, NULL),
	(40, 'uhughson13', 'Assistant Manager', 'Human Resources', 'kmonketon13@ow.ly', NULL, 'Ayagoz', 'Senior', 'Big 4', 8, NULL),
	(41, 'fmicco14', 'Librarian', 'Product Management', 'pgidman14@ifeng.com', NULL, 'Pandat', 'Architect', 'Psychotherapy', 12, NULL),
	(42, 'aeberdt15', 'Product Engineer', 'Engineering', 'smallall15@gravatar.com', NULL, 'Dzuunmod', 'Junior', 'NMock', 12, NULL),
	(43, 'vsheber16', 'Paralegal', 'Research and Development', 'lblas16@wordpress.com', NULL, 'Trudovoye', 'Senior', 'QAS', 5, NULL),
	(44, 'sgrime17', 'Operator', 'Product Management', 'cotson17@uiuc.edu', NULL, 'Le Mans', 'Architect', 'Google Adwords', 12, NULL),
	(45, 'adanielkiewicz18', 'Social Worker', 'Training', 'thearnshaw18@cam.ac.uk', NULL, 'Miguelópolis', 'Junior', 'Eplan', 8, NULL),
	(46, 'egreen19', 'Budget/Accounting Analyst IV', 'Training', 'lgiovannazzi19@oracle.com', NULL, 'Portland', 'Senior', 'SVM', 8, NULL),
	(47, 'kpolglaze1a', 'Compensation Analyst', 'Legal', 'lmalyan1a@cnbc.com', NULL, 'Billa', 'Architect', 'Siding', 7, NULL),
	(48, 'dstrowger1b', 'Marketing Manager', 'Human Resources', 'sdagnall1b@gravatar.com', NULL, 'Zhanqian', 'Junior', 'Cytology', 12, NULL),
	(49, 'aabbs1c', 'Electrical Engineer', 'Human Resources', 'corpin1c@adobe.com', NULL, 'Anabar', 'Senior', 'Apollo GDS', 9, NULL),
	(50, 'rtompkinson1d', 'Marketing Assistant', 'Support', 'wverick1d@mail.ru', NULL, 'Danjiangkou', 'Architect', 'IBM pSeries', 12, NULL),
	(51, 'slaphorn1e', 'Account Representative I', 'Marketing', 'nvials1e@google.com', NULL, 'Cimo de Vila', 'Junior', 'Security Audits', 5, NULL),
	(52, 'fbentote1f', 'Community Outreach Specialist', 'Human Resources', 'dbrazier1f@is.gd', NULL, 'Delgado', 'Senior', 'JPA', 4, NULL),
	(53, 'sdeering1g', 'Software Consultant', 'Engineering', 'dlambdon1g@gravatar.com', NULL, 'El Agua Dulcita', 'Architect', 'IDoc', 6, NULL),
	(54, 'faylesbury1h', 'Quality Engineer', 'Accounting', 'dbeldam1h@apache.org', NULL, 'Gävle', 'Junior', 'XMind', 9, NULL),
	(55, 'lstewartson1i', 'Junior Executive', 'Training', 'rsimmins1i@nih.gov', NULL, 'Columbus', 'Senior', 'Omnis', 8, NULL),
	(56, 'mtoupe1j', 'Geologist IV', 'Support', 'lethelston1j@mit.edu', NULL, 'Nanpiao', 'Architect', 'SSD', 9, NULL),
	(57, 'wsugden1k', 'Programmer Analyst IV', 'Product Management', 'ehymans1k@bbb.org', NULL, 'Xinxing', 'Junior', 'TCO reduction', 4, NULL),
	(58, 'opentlow1l', 'Help Desk Technician', 'Product Management', 'mbrannigan1l@sakura.ne.jp', NULL, 'El Paisnal', 'Senior', 'vShield', 10, NULL),
	(59, 'nleggate1m', 'Software Engineer II', 'Research and Development', 'bbedow1m@cyberchimps.com', NULL, 'Campos Gerais', 'Architect', 'Visio', 4, NULL),
	(60, 'traund1n', 'Web Developer I', 'Research and Development', 'lflacke1n@php.net', NULL, 'Néa Plágia', 'Junior', 'WM modules', 11, NULL),
	(61, 'vswinnerton1o', 'Engineer II', 'Training', 'bgarroway1o@independent.co.uk', NULL, 'Prochowice', 'Senior', 'osCommerce', 8, NULL),
	(62, 'mviggars1p', 'Community Outreach Specialist', 'Services', 'scarrigan1p@loc.gov', NULL, 'Mad?nat Lab‘?s', 'Architect', 'Cyber Defense', 9, NULL),
	(63, 'vfrith1q', 'Staff Accountant I', 'Training', 'tfish1q@walmart.com', NULL, 'Oslo', 'Junior', 'News Writing', 8, NULL),
	(64, 'jstead1r', 'Registered Nurse', 'Business Development', 'twomersley1r@time.com', NULL, 'Shanmei', 'Senior', 'Olfaction', 10, NULL),
	(65, 'sbrotheridge1s', 'Environmental Tech', 'Research and Development', 'enolot1s@japanpost.jp', NULL, 'Wangjiahe', 'Architect', 'Frame Relay', 11, NULL),
	(66, 'kkaasman1t', 'Business Systems Development Analyst', 'Research and Development', 'epolamontayne1t@cdbaby.com', NULL, 'Bogotá', 'Junior', 'NCIDQ', 5, NULL),
	(67, 'lthaw1u', 'Staff Scientist', 'Accounting', 'ohumphries1u@storify.com', NULL, 'Lianrao', 'Senior', 'AACR2', 6, NULL),
	(68, 'ashaplin1v', 'Paralegal', 'Legal', 'dtayler1v@shinystat.com', NULL, 'Cherëmushki', 'Architect', 'PLC', 6, NULL),
	(69, 'lbaskeyfield1w', 'Software Engineer I', 'Training', 'kcircuitt1w@marriott.com', NULL, 'Ol Kalou', 'Junior', 'Audio Typing', 7, NULL),
	(70, 'ztrask1x', 'Senior Quality Engineer', 'Human Resources', 'npaulack1x@home.pl', NULL, 'Jasienica Rosielna', 'Senior', 'IFRS', 8, NULL),
	(71, 'ctunstall1y', 'Recruiting Manager', 'Business Development', 'jocrevan1y@chron.com', NULL, 'Tar?m', 'Architect', 'Komodo', 10, NULL),
	(72, 'jbrute1z', 'Account Coordinator', 'Marketing', 'kcockings1z@wikispaces.com', NULL, 'Zainsk', 'Junior', 'Charitable Giving', 4, NULL),
	(73, 'akitman20', 'Clinical Specialist', 'Services', 'eboreland20@dedecms.com', NULL, 'Aix-les-Bains', 'Senior', 'McAfee', 8, NULL),
	(74, 'creary21', 'Pharmacist', 'Business Development', 'rmankor21@github.io', NULL, 'Pag', 'Architect', 'Wholesale Purchasing', 7, NULL),
	(75, 'coakley22', 'Financial Advisor', 'Training', 'ckitchingman22@boston.com', NULL, 'Tange Zhen', 'Junior', 'CD packaging', 9, NULL),
	(76, 'cmacdearmid23', 'Research Nurse', 'Research and Development', 'cearley23@xing.com', NULL, 'Ostrów Mazowiecka', 'Senior', 'Agile Project Management', 6, NULL),
	(77, 'cleisman24', 'Sales Associate', 'Product Management', 'fbeckingham24@vistaprint.com', NULL, 'Ouangani', 'Architect', 'Power Utilities', 12, NULL),
	(78, 'awhatsize25', 'Pharmacist', 'Business Development', 'agianelli25@bloomberg.com', NULL, 'Pruzhany', 'Junior', 'RNO', 4, NULL),
	(79, 'kpegden26', 'Geologist III', 'Research and Development', 'bkilmister26@discuz.net', NULL, 'Babica', 'Senior', 'Analytics', 9, NULL),
	(80, 'bbecraft27', 'Web Developer IV', 'Accounting', 'tcarnilian27@disqus.com', NULL, 'Belén', 'Architect', 'Football', 11, NULL),
	(81, 'adownham28', 'Assistant Manager', 'Services', 'lpryke28@myspace.com', NULL, 'Soacha', 'Junior', 'Omnibus', 9, NULL),
	(82, 'mbrignell29', 'Occupational Therapist', 'Sales', 'jreisen29@prlog.org', NULL, 'Kongsvinger', 'Senior', 'Freelance Writing', 7, NULL),
	(83, 'jaluard2a', 'Geologist IV', 'Sales', 'ocowitz2a@unc.edu', NULL, 'Bratislava', 'Architect', 'WCF Services', 9, NULL),
	(84, 'cguys2b', 'Programmer Analyst III', 'Engineering', 'eclaxson2b@discuz.net', NULL, 'Donskoye', 'Junior', 'MVNO', 6, NULL),
	(85, 'lgreensides2c', 'Chemical Engineer', 'Research and Development', 'goganian2c@wunderground.com', NULL, 'Ho?ice', 'Senior', 'Data Entry', 10, NULL),
	(86, 'jlorimer2d', 'Research Associate', 'Sales', 'ppimlock2d@zdnet.com', NULL, 'Maying', 'Architect', 'PMAs', 8, NULL),
	(87, 'mstimson2e', 'Environmental Tech', 'Legal', 'espeare2e@hp.com', NULL, 'Ipueiras', 'Junior', 'VJ', 12, NULL),
	(88, 'moxborough2f', 'Computer Systems Analyst I', 'Product Management', 'prulton2f@photobucket.com', NULL, 'Tomteboda', 'Senior', 'Amazon RDS', 11, NULL),
	(89, 'yepton2g', 'Computer Systems Analyst I', 'Training', 'bbyatt2g@tmall.com', NULL, 'Ciénega', 'Architect', 'FP-C', 6, NULL),
	(90, 'cgrafhom2h', 'Cost Accountant', 'Engineering', 'amacneil2h@nps.gov', NULL, 'Ciganaria', 'Junior', 'Slickline', 10, NULL),
	(91, 'dmazzilli2i', 'Geological Engineer', 'Services', 'predgate2i@cmu.edu', NULL, 'Takahagi', 'Senior', 'Toxicology', 9, NULL),
	(92, 'nsarten2j', 'Environmental Specialist', 'Marketing', 'afairfoot2j@businesswire.com', NULL, 'San Jacinto', 'Architect', 'JSON-RPC', 5, NULL),
	(93, 'driditch2k', 'Clinical Specialist', 'Accounting', 'marchbutt2k@youku.com', NULL, 'Lirung', 'Junior', 'Managerial Finance', 9, NULL),
	(94, 'mgoranov2l', 'Web Designer IV', 'Marketing', 'btudbald2l@ezinearticles.com', NULL, 'Khiliomódhi', 'Senior', 'GFSI', 4, NULL),
	(95, 'ireichardt2m', 'Information Systems Manager', 'Marketing', 'ghurne2m@ucla.edu', NULL, 'Yunluo', 'Architect', 'EPiServer', 12, NULL),
	(96, 'mlouche2n', 'Internal Auditor', 'Product Management', 'wcudde2n@cpanel.net', NULL, 'Dobropillya', 'Junior', 'Typing', 11, NULL),
	(97, 'omilne2o', 'Senior Quality Engineer', 'Support', 'pduffell2o@delicious.com', NULL, 'Dhaka', 'Senior', 'Corporate Branding', 6, NULL),
	(98, 'jbittlestone2p', 'Actuary', 'Support', 'dblazic2p@squarespace.com', NULL, 'Huanglong', 'Architect', 'XP/Vista/7', 5, NULL),
	(99, 'rantonio2q', 'Assistant Professor', 'Human Resources', 'dweafer2q@woothemes.com', NULL, 'Castlepollard', 'Junior', 'Luxury Cruise', 4, NULL),
	(100, 'kgrinaway2r', 'Internal Auditor', 'Human Resources', 'xshields2r@statcounter.com', NULL, 'Guanagazapa', 'Senior', 'CNAS', 7, NULL),
	(101, 'mshildrake2s', 'Analog Circuit Design manager', 'Product Management', 'bpritchett2s@delicious.com', NULL, 'Zhuping', 'Architect', 'SMSTS', 7, NULL),
	(102, 'jjaggs2t', 'Research Associate', 'Human Resources', 'lpersitt2t@friendfeed.com', NULL, 'Catanduva', 'Junior', 'Urbanism', 7, NULL),
	(103, 'dlorraine2u', 'Senior Editor', 'Sales', 'mworkman2u@nba.com', NULL, 'Shashi', 'Senior', 'DVP&amp;R', 7, NULL),
	(104, 'jattenbrough2v', 'Physical Therapy Assistant', 'Support', 'tdavies2v@sohu.com', NULL, 'Shimen', 'Architect', 'Aerial Cinematography', 8, NULL),
	(105, 'erowbotham2w', 'Nurse', 'Product Management', 'spaulack2w@mayoclinic.com', NULL, 'Zaoshi', 'Junior', 'Mediation', 10, NULL),
	(106, 'kreekie2x', 'Staff Accountant III', 'Marketing', 'apeevor2x@engadget.com', NULL, 'El Rosario', 'Senior', 'Performance Tuning', 10, NULL),
	(107, 'gkiezler2y', 'Account Executive', 'Human Resources', 'erenard2y@hostgator.com', NULL, 'Colegiales', 'Architect', 'Operational Excellence', 4, NULL),
	(108, 'rarro2z', 'Desktop Support Technician', 'Sales', 'eloudiane2z@google.com.br', NULL, 'Tahala', 'Junior', 'FDA GMP', 8, NULL),
	(109, 'cvasovic30', 'Desktop Support Technician', 'Marketing', 'oalvey30@nbcnews.com', NULL, 'Gammad', 'Senior', 'Oligonucleotide Synthesis', 7, NULL),
	(110, 'jblaschke31', 'General Manager', 'Services', 'ccuruclis31@cbc.ca', NULL, 'Zhoushan', 'Architect', 'Rhapsody', 9, NULL),
	(111, 'ksorton32', 'Staff Accountant I', 'Sales', 'mmaple32@ebay.co.uk', NULL, 'Sneek', 'Junior', 'Pthreads', 11, NULL),
	(112, 'nflament33', 'Engineer III', 'Human Resources', 'lbramelt33@virginia.edu', NULL, 'Kota Kinabalu', 'Senior', 'Xpediter', 10, NULL),
	(113, 'dscogings34', 'Structural Engineer', 'Support', 'ehegges34@chicagotribune.com', NULL, 'Puerto Boyacá', 'Architect', 'Hibernate', 5, NULL),
	(114, 'esustin35', 'Statistician III', 'Product Management', 'smckinnon35@auda.org.au', NULL, 'Pasirnangka', 'Junior', 'IEC 60601', 6, NULL),
	(115, 'uduprey36', 'Staff Accountant III', 'Product Management', 'mrameau36@hp.com', NULL, 'Bipolo', 'Senior', 'Commercial Piloting', 7, NULL),
	(116, 'oomohun37', 'Physical Therapy Assistant', 'Support', 'gstonuary37@jimdo.com', NULL, 'Kotu?', 'Architect', 'Distributed Systems', 5, NULL),
	(117, 'cdietz38', 'Speech Pathologist', 'Sales', 'tyounghusband38@hibu.com', NULL, 'Urus-Martan', 'Junior', 'IVDD', 6, NULL),
	(118, 'todooghaine39', 'Environmental Specialist', 'Support', 'voakeshott39@ucoz.ru', NULL, 'Uzunovo', 'Senior', '3Com NBX', 8, NULL),
	(119, 'vbertomier3a', 'Senior Developer', 'Business Development', 'tturneaux3a@instagram.com', NULL, 'Pontivy', 'Architect', 'GSD', 7, NULL),
	(120, 'askelton3b', 'Financial Advisor', 'Engineering', 'farcher3b@about.com', NULL, 'Pacajus', 'Junior', 'Cross-border Transactions', 4, NULL),
	(121, 'nfettes3c', 'Speech Pathologist', 'Engineering', 'sindgs3c@google.ru', NULL, 'Stockholm', 'Senior', 'Infor XA', 8, NULL),
	(122, 'apauler3d', 'Executive Secretary', 'Marketing', 'bdubs3d@aol.com', NULL, 'Huolu', 'Architect', 'Youth Engagement', 4, NULL),
	(123, 'warchbould3e', 'Environmental Specialist', 'Business Development', 'kmeah3e@tripadvisor.com', NULL, 'Cheping', 'Junior', 'Optical Tweezers', 8, NULL),
	(124, 'sspurden3f', 'Nuclear Power Engineer', 'Sales', 'bholmyard3f@macromedia.com', NULL, 'Lorino', 'Senior', 'DDMS', 8, NULL),
	(125, 'heul3g', 'Environmental Specialist', 'Product Management', 'adeer3g@dell.com', NULL, 'Sidenreng', 'Architect', 'HR Transformation', 9, NULL),
	(126, 'pphilippsohn3h', 'Senior Quality Engineer', 'Engineering', 'wseiler3h@google.it', NULL, 'Evansville', 'Junior', 'Cash Handling', 10, NULL),
	(127, 'fstrathern3i', 'Senior Sales Associate', 'Business Development', 'crameau3i@yellowpages.com', NULL, 'Liuhe', 'Senior', 'Iron Ore', 11, NULL),
	(128, 'mcaney3j', 'Environmental Tech', 'Business Development', 'kcavnor3j@quantcast.com', NULL, 'Dos Quebradas', 'Architect', 'cDNA', 9, NULL),
	(129, 'dnanni3k', 'Geological Engineer', 'Human Resources', 'mcrocken3k@mysql.com', NULL, 'Maredakalada', 'Junior', 'Investment Banking', 9, NULL),
	(130, 'abeadnall3l', 'Systems Administrator IV', 'Services', 'ksnary3l@indiatimes.com', NULL, 'Chancay', 'Senior', 'Torts', 12, NULL),
	(131, 'fsaggs3m', 'General Manager', 'Support', 'bmoyers3m@twitpic.com', NULL, 'Bedayu', 'Architect', 'Title Insurance', 11, NULL),
	(132, 'lgillopp3n', 'Administrative Assistant I', 'Legal', 'dgeorgius3n@altervista.org', NULL, 'Aimin', 'Junior', 'Zillow', 7, NULL),
	(133, 'gbelson3o', 'Recruiter', 'Human Resources', 'blakin3o@salon.com', NULL, 'Janowice', 'Senior', 'Enterprise Software', 12, NULL),
	(134, 'bjeremaes3p', 'Analyst Programmer', 'Human Resources', 'mgoldster3p@rakuten.co.jp', NULL, 'Khurs?', 'Architect', 'RCA', 7, NULL),
	(135, 'resh3q', 'Food Chemist', 'Marketing', 'nedgecombe3q@va.gov', NULL, 'Zhongjiapu', 'Junior', 'Oil Paint', 12, NULL),
	(136, 'pspriddle3r', 'Accountant IV', 'Training', 'ckemetz3r@hubpages.com', NULL, 'Leloboko', 'Senior', 'Bodywork', 10, NULL),
	(137, 'asayward3s', 'Accounting Assistant I', 'Business Development', 'ktomkinson3s@bbc.co.uk', NULL, 'Budapest', 'Architect', 'Guided Reading', 4, NULL),
	(138, 'abercevelo3t', 'Environmental Tech', 'Engineering', 'mgales3t@unicef.org', NULL, 'K?lob', 'Junior', 'Foreign Affairs', 6, NULL),
	(139, 'pgwynn3u', 'Geologist IV', 'Product Management', 'pminto3u@nature.com', NULL, 'Jamalteca', 'Senior', 'IACUC', 8, NULL),
	(140, 'gmeagh3v', 'VP Product Management', 'Human Resources', 'oblasgen3v@netvibes.com', NULL, 'Krajan Keboromo', 'Architect', 'GXT', 5, NULL),
	(141, 'flomax3w', 'Assistant Professor', 'Product Management', 'dduham3w@reuters.com', NULL, 'Chakaray', 'Junior', 'ASP.NET AJAX', 4, NULL),
	(142, 'vdreakin3x', 'Data Coordiator', 'Services', 'dstodd3x@yellowbook.com', NULL, 'Belgrade', 'Senior', 'SMT', 4, NULL),
	(143, 'glabbez3y', 'Administrative Assistant III', 'Engineering', 'cbason3y@123-reg.co.uk', NULL, 'Makadi Bay', 'Architect', 'Ships', 9, NULL),
	(144, 'lleydon3z', 'Accountant I', 'Engineering', 'achellam3z@illinois.edu', NULL, 'Banjar Dukuh', 'Junior', 'Ruby on Rails', 6, NULL),
	(145, 'rlohan40', 'Social Worker', 'Research and Development', 'bjapp40@artisteer.com', NULL, 'Sekirnik', 'Senior', 'Waxing', 12, NULL),
	(146, 'arapaport41', 'Senior Quality Engineer', 'Services', 'rparlot41@omniture.com', NULL, 'Aglalana', 'Architect', 'DNS Server', 11, NULL),
	(147, 'halabaster42', 'VP Marketing', 'Legal', 'dblackborough42@etsy.com', NULL, 'Gaomi', 'Junior', 'Dtrace', 5, NULL),
	(148, 'dbater43', 'Senior Developer', 'Product Management', 'ryaknov43@arizona.edu', NULL, 'Pho Si Suwan', 'Senior', 'Procurement Outsourcing', 5, NULL),
	(149, 'astetson44', 'Marketing Assistant', 'Marketing', 'pgrut44@hatena.ne.jp', NULL, 'Alilem', 'Architect', 'AMI', 12, NULL),
	(150, 'rbassano45', 'Payment Adjustment Coordinator', 'Training', 'lmarke45@eventbrite.com', NULL, 'Wawrze?czyce', 'Junior', 'Jewish Education', 5, NULL),
	(151, 'zcrimpe46', 'Programmer Analyst I', 'Product Management', 'eschiesterl46@hubpages.com', NULL, 'Pio', 'Senior', 'Efficent', 8, NULL),
	(152, 'mhargreave47', 'Systems Administrator IV', 'Marketing', 'duttermare47@slate.com', NULL, 'Trondheim', 'Architect', 'TUPE', 4, NULL),
	(153, 'rmapstone48', 'Dental Hygienist', 'Legal', 'pstreet48@noaa.gov', NULL, 'Pulong Sampalok', 'Junior', 'Oracle Identity Manager', 6, NULL),
	(154, 'zpretsell49', 'Chief Design Engineer', 'Legal', 'bhallick49@fotki.com', NULL, 'Chimen', 'Senior', 'NCFM Certified', 12, NULL),
	(155, 'bbarday4a', 'Financial Advisor', 'Business Development', 'mriediger4a@live.com', NULL, 'San Diego', 'Architect', 'Equity Derivatives', 9, NULL),
	(156, 'nanthonies4b', 'Automation Specialist II', 'Accounting', 'gcona4b@independent.co.uk', NULL, 'Encruzilhada do Sul', 'Junior', 'Compensation &amp; Benefits', 6, NULL),
	(157, 'gbartalini4c', 'Software Consultant', 'Services', 'gshallcross4c@so-net.ne.jp', NULL, 'Velké Mezi?í?í', 'Senior', 'Autodesk Inventor', 12, NULL),
	(158, 'wlevi4d', 'Director of Sales', 'Human Resources', 'tboffey4d@facebook.com', NULL, 'Lohayong', 'Architect', 'Budget Oversight', 5, NULL),
	(159, 'bbeeke4e', 'Programmer IV', 'Human Resources', 'fhoggetts4e@chronoengine.com', NULL, 'Shuangmiao', 'Junior', 'OWA', 6, NULL),
	(160, 'jgold4f', 'Chief Design Engineer', 'Accounting', 'hmacness4f@icq.com', NULL, 'Carpenter', 'Senior', 'FP7', 8, NULL),
	(161, 'dpyne4g', 'Automation Specialist II', 'Marketing', 'opyrke4g@nhs.uk', NULL, 'Kidatu', 'Architect', 'Urology', 8, NULL),
	(162, 'rfarnan4h', 'Environmental Specialist', 'Product Management', 'dcastagnaro4h@discovery.com', NULL, 'Gouping', 'Junior', 'XMind', 11, NULL),
	(163, 'ncaslett4i', 'Social Worker', 'Marketing', 'twestell4i@tuttocitta.it', NULL, 'Cabreúva', 'Senior', 'NVQs', 7, NULL),
	(164, 'gblakeney4j', 'Software Engineer IV', 'Support', 'aevers4j@feedburner.com', NULL, 'Q?rah', 'Architect', 'Linux KVM', 5, NULL),
	(165, 'dbearcock4k', 'Office Assistant III', 'Business Development', 'bbertouloume4k@illinois.edu', NULL, 'Mooka', 'Junior', 'RIS', 4, NULL),
	(166, 'nmart4l', 'Health Coach I', 'Engineering', 'anoto4l@topsy.com', NULL, 'Buritis', 'Senior', 'Business Process', 6, NULL),
	(167, 'hhumphrey4m', 'Biostatistician I', 'Accounting', 'nfiridolfi4m@oaic.gov.au', NULL, 'Mazha', 'Architect', 'Eggplant', 9, NULL),
	(168, 'ugarstang4n', 'Internal Auditor', 'Engineering', 'khedaux4n@desdev.cn', NULL, 'Danauparis', 'Junior', 'Japanese', 4, NULL),
	(169, 'gdorrian4o', 'Recruiting Manager', 'Marketing', 'ahuston4o@parallels.com', NULL, 'Washington', 'Senior', 'CMDB', 4, NULL),
	(170, 'ealvarado4p', 'Quality Engineer', 'Support', 'ksidon4p@usatoday.com', NULL, 'Ban Talat Bueng', 'Architect', 'Blues', 5, NULL),
	(171, 'jgrinyov4q', 'Senior Editor', 'Sales', 'bcarette4q@ebay.co.uk', NULL, 'Lingmen', 'Junior', 'Yamaha Digital Consoles', 10, NULL),
	(172, 'dgrievson4r', 'Director of Sales', 'Engineering', 'fkoenraad4r@google.com.au', NULL, 'Puyang', 'Senior', 'IVDD', 12, NULL),
	(173, 'elyman4s', 'Programmer II', 'Sales', 'adallan4s@51.la', NULL, 'Shuiting', 'Architect', 'JVC', 5, NULL),
	(174, 'lmantrip4t', 'Civil Engineer', 'Engineering', 'sedgell4t@accuweather.com', NULL, 'Bystrzyca', 'Junior', 'Photography', 6, NULL),
	(175, 'cruecastle4u', 'VP Accounting', 'Product Management', 'amacelane4u@infoseek.co.jp', NULL, 'Hveragerði', 'Senior', 'APO SNP', 7, NULL),
	(176, 'farmiger4v', 'Librarian', 'Support', 'mblessed4v@oakley.com', NULL, 'Yangju', 'Architect', 'Windows Server', 10, NULL),
	(177, 'lscirman4w', 'Internal Auditor', 'Research and Development', 'jjosebury4w@blogger.com', NULL, 'Amvrosiyivka', 'Junior', 'Shopper Marketing', 10, NULL),
	(178, 'thugonnet4x', 'Software Engineer I', 'Business Development', 'cdeam4x@va.gov', NULL, 'KwaMbonambi', 'Senior', 'Aerial Photography', 9, NULL),
	(179, 'sjaggli4y', 'Executive Secretary', 'Accounting', 'tkirvell4y@sohu.com', NULL, 'Orkney', 'Architect', 'Digital Media', 8, NULL),
	(180, 'fpagan4z', 'Marketing Assistant', 'Services', 'spigdon4z@dailymail.co.uk', NULL, 'Kool Tengah', 'Junior', 'FPGA', 12, NULL),
	(181, 'apevsner50', 'Web Developer I', 'Business Development', 'vlequeux50@github.io', NULL, 'Chernogorsk', 'Senior', 'GDI+', 7, NULL),
	(182, 'cmoller51', 'Recruiter', 'Research and Development', 'bwainwright51@wufoo.com', NULL, 'Vlachovo B?ezí', 'Architect', 'Kodak', 5, NULL),
	(183, 'gvosse52', 'VP Product Management', 'Training', 'tbrobak52@noaa.gov', NULL, 'Q?r Mo?v', 'Junior', 'DL1', 4, NULL),
	(184, 'mmccrillis53', 'Geologist IV', 'Sales', 'lbathoe53@miibeian.gov.cn', NULL, 'Huancheng', 'Senior', 'MSP Practitioner', 12, NULL),
	(185, 'shaggar54', 'Web Developer III', 'Human Resources', 'jfiney54@google.cn', NULL, 'Kepuh', 'Architect', 'Human Resources', 10, NULL),
	(186, 'mpelfer55', 'Food Chemist', 'Accounting', 'ospelling55@blinklist.com', NULL, 'Pokój', 'Junior', 'Sports Play-by-play', 10, NULL),
	(187, 'lpancost56', 'Software Engineer IV', 'Support', 'jjames56@desdev.cn', NULL, 'Dawan', 'Senior', 'WS-I', 7, NULL),
	(188, 'mparadyce57', 'VP Quality Control', 'Legal', 'acridland57@miibeian.gov.cn', NULL, 'Tanahwulan', 'Architect', 'Safety Management Systems', 6, NULL),
	(189, 'awagstaff58', 'Programmer Analyst IV', 'Research and Development', 'ymathewes58@diigo.com', NULL, 'La Libertad', 'Junior', 'Food Preparation', 8, NULL),
	(190, 'kmackaig59', 'Cost Accountant', 'Support', 'acanto59@flickr.com', NULL, 'Kranggan', 'Senior', 'Document Drafting', 10, NULL),
	(191, 'vrawcliff5a', 'Analog Circuit Design manager', 'Product Management', 'astothert5a@example.com', NULL, 'Saryg-Sep', 'Architect', 'Urban Search &amp; Rescue', 6, NULL),
	(192, 'hmyall5b', 'Director of Sales', 'Sales', 'ecammell5b@ucoz.ru', NULL, 'Bendilmuning', 'Junior', 'Performance Improvement', 10, NULL),
	(193, 'glody5c', 'Help Desk Technician', 'Legal', 'atowson5c@flickr.com', NULL, 'Namboongan', 'Senior', 'RMS', 12, NULL),
	(194, 'mstranks5d', 'Marketing Assistant', 'Services', 'mwharlton5d@uol.com.br', NULL, 'La Luz', 'Architect', 'Academic Tutoring', 5, NULL),
	(195, 'smaplestone5e', 'Accountant II', 'Business Development', 'jworkman5e@jiathis.com', NULL, 'Qingyang', 'Junior', 'CCIP', 4, NULL),
	(196, 'pbysshe5f', 'Account Executive', 'Training', 'ochoake5f@slate.com', NULL, 'Chaviña', 'Senior', 'Company Set-up', 6, NULL),
	(197, 'tbeeres5g', 'Quality Engineer', 'Engineering', 'asimondson5g@devhub.com', NULL, 'Gereshk', 'Architect', 'HTFS', 12, NULL),
	(198, 'rcready5h', 'VP Product Management', 'Marketing', 'oalaway5h@chronoengine.com', NULL, 'Bolengpulau', 'Junior', 'Nintex', 7, NULL),
	(199, 'fwoodberry5i', 'Assistant Media Planner', 'Research and Development', 'zmoreno5i@virginia.edu', NULL, 'Werang', 'Senior', 'Alumni Relations', 5, NULL),
	(200, 'dajsik5j', 'Accounting Assistant I', 'Legal', 'ctetley5j@pen.io', NULL, 'Bizhbulyak', 'Architect', 'Core Java', 7, NULL);

INSERT INTO `user_roles` (`user_id`, `role_id`) VALUES
	(1, 3),
	(2, 2),
	(3, 2),
	(4, 1),
	(5, 1),
	(6, 1),
	(7, 1),
	(8, 1),
	(9, 1),
	(10, 1),
	(11, 1),
	(12, 1),
	(13, 1);


INSERT INTO `projects` (`id`, `project_name`, `sap`, `phase`, `status`, `manager`, `backup_manager`, `owner`, `customer`, `bu`, `bu_hu`, `contact_person`, `fte`, `start`, `end`, `order_type`, `project_type`, `description`, `comment`) VALUES
	(1, 'Fixflex', 'F.19540525.54.28', 'Initiating', 'Filled', 'Baudoin Aust', 'Leigh Lapwood', 'Farly Spleving', 'Carter LLC', 'Technology', 'Basic Industries', 'Deena Maeer', 18, '2019-02-07', '2021-03-09', 'Time & material without limit', 'Body leasing', 'Horizontal', 'global'),
	(2, 'Cardify', 'F.69627570.54.25', 'N/A', 'N/A', 'Alfie Donnellan', 'Jackquelin Breeton', 'Brooke Gunthorp', 'Jacobs, Prosacco and Lubowitz', 'Finance', 'n/a', 'Kate Housego', 19, '2018-11-14', '2021-03-04', 'Time & material with limit', 'Development project', 'systematic', 'Synchronised'),
	(3, 'Alpha', 'F.01945304.54.34', 'Executing', 'Open', 'Wesley Stairs', 'Mariana Lawlie', 'Lin Bergstram', 'D Amore Inc', 'Consumer Services', 'Health Care', 'Rayna Wilprecht', 1, '2018-10-25', '2021-07-25', 'Fixed price with limit', 'Body leasing', 'grid-enabled', 'Open-source'),
	(4, 'Bytecard', 'F.07227559.25.17', 'N/A', 'Completed', 'Viviyan Boothby', 'Kanya Stitch', 'Twyla McLenahan', 'Leannon-Brakus', 'Health Care', 'n/a', 'Ford Crosoer', 15, '2019-02-05', '2020-11-04', 'Time & material with limit', 'Maintenance support (SLA service)', 'intranet', 'protocol'),
	(5, 'Quo Lux', 'F.51753607.66.10', 'Initiating', 'Completed', 'Loree Frere', 'Gilbertina Pain', 'Pete Klaas', 'Bashirian, Keeling and Simonis', 'n/a', 'Finance', 'Tully Roscamps', 8, '2019-03-02', '2021-05-31', 'Time & material without limit', 'Development project', 'adapter', 'Secured'),
	(6, 'Flexidy', 'F.47330465.63.99', 'Initiating', 'Completed', 'Anitra Delete', 'Hale Stapele', 'Bunny Astlett', 'Huel Inc', 'Finance', 'Health Care', 'Penelopa Mariet', 11, '2019-09-13', '2021-07-11', 'Fixed price with limit', 'N/A', 'dynamic', 'non-volatile'),
	(7, 'Alpha', 'F.45306646.30.22', 'N/A', 'Completed', 'Gabriellia Moyers', 'Gwendolen Stoffers', 'Wanda Ferroni', 'Bednar-Klein', 'Technology', 'Consumer Services', 'Dolli Scholefield', 14, '2019-06-05', '2021-03-05', 'Fixed price with limit', 'Body leasing', 'Ameliorated', 'Ergonomic'),
	(8, 'Y-find', 'F.13148181.14.11', 'Active', 'Open', 'Lulu Carrack', 'Adriana Chrismas', 'Amby Wulfinger', 'Kertzmann-Morissette', 'Miscellaneous', 'Miscellaneous', 'Maximo Stoddard', 5, '2018-11-15', '2021-06-19', 'Time & material with limit', 'Development project', 'actuating', 'Managed'),
	(9, 'Bamity', 'F.00882363.10.73', 'Initiating', 'N/A', 'Lorena Skyme', 'Sherm MacAllester', 'Koralle Havercroft', 'Weber, Wunsch and McLaughlin', 'Finance', 'n/a', 'Britt Basham', 14, '2019-04-06', '2021-08-24', 'Fixed price with limit', 'Business Intelligent (BI)', 'paradigm', 'knowledge base'),
	(10, 'Prodder', 'F.36326487.98.86', 'Executing', 'Open', 'Nanice Arnot', 'Efrem Blunsden', 'Roberto Goulter', 'Dietrich-Gleason', 'Energy', 'Finance', 'Merrill Guerrin', 19, '2018-10-08', '2021-03-27', 'Fixed price with limit', 'Development project', 'encompassing', 'Triple-buffered'),
	(11, 'Veribet', 'F.46475499.61.87', 'N/A', 'Open', 'Wainwright Hugnot', 'Katheryn de Verson', 'Erhard Degli Antoni', 'Mills, Beatty and Wolf', 'Finance', 'Public Utilities', 'Cirillo Doumerque', 6, '2019-08-28', '2020-10-14', 'N/A', 'Application operation', 'Reduced', 'Synchronised'),
	(12, 'Duobam', 'F.92904032.81.26', 'Initiating', 'N/A', 'Jody Taylder', 'Stanly Holah', 'Carlynn Penni', 'Frami-Hickle', 'Health Care', 'Finance', 'Dody Bacon', 16, '2019-07-21', '2021-04-05', 'Fixed price with limit', 'Maintenance project', 'Multi-layered', 'matrices'),
	(13, 'Ronstring', 'F.17196808.58.74', 'N/A', 'Filled', 'Phelia Ilyunin', 'Mersey Keir', 'Lucretia Fitchew', 'Stark, Bradtke and Breitenberg', 'Health Care', 'Public Utilities', 'Dew Doubleday', 8, '2018-12-13', '2020-12-15', 'Fixed price', 'Maintenance project', 'framework', 'application'),
	(14, 'Namfix', 'F.98097702.20.29', 'Active', 'Open', 'Arlee Chadwin', 'Brendan Binley', 'Morten Clynmans', 'Lindgren Group', 'Technology', 'n/a', 'Binnie Benneyworth', 14, '2019-08-24', '2020-11-27', 'Fixed price', 'Maintenance project', 'Team-oriented', 'multi-state'),
	(15, 'Latlux', 'F.14137982.72.97', 'Executing', 'In progress', 'Yolande McGorley', 'Susette Peidro', 'Loleta Unger', 'Little Group', 'Finance', 'Consumer Non-Durables', 'Curr Sturdey', 16, '2019-05-29', '2021-06-08', 'Fixed price', 'Development project', 'upward-trending', 'systematic'),
	(16, 'Prodder', 'F.35735312.38.84', 'Initiating', 'N/A', 'Kerstin Robeson', 'Tanner Cleft', 'Cheryl Maccrie', 'Emmerich Group', 'Technology', 'Finance', 'Hill Kinnerley', 4, '2019-04-15', '2021-04-17', 'Time & material with limit', 'SAP', 'responsive', 'dedicated'),
	(17, 'Latlux', 'F.60030867.38.42', 'Initiating', 'In progress', 'Oberon Fensome', 'Barbette Dufore', 'Linc Huie', 'Wiza-Farrell', 'Capital Goods', 'Energy', 'Yorgos Mossman', 5, '2019-05-08', '2020-10-05', 'Fixed price with limit', 'Development project', 'explicit', 'collaboration'),
	(18, 'Bitwolf', 'F.80857579.81.78', 'N/A', 'N/A', 'Steven Cargen', 'Winslow Jocic', 'Linnie Stride', 'Dare, Wolf and Rippin', 'Finance', 'Consumer Services', 'Susy Magauran', 14, '2019-01-09', '2021-01-16', 'Time & material with limit', 'Body leasing', 'motivating', 'firmware'),
	(19, 'Treeflex', 'F.31478101.90.94', 'Initiating', 'Cancelled', 'Abbe Denty', 'Brook Plumridege', 'Joell Fain', 'Kuvalis-Fay', 'Consumer Services', 'Technology', 'Florian Brind', 19, '2019-08-06', '2021-01-08', 'Fixed price with limit', 'Maintenance project', 'zero defect', 'product'),
	(20, 'Rank', 'F.12510132.38.68', 'Active', 'Open', 'Carie Goggen', 'Alberta McKune', 'Nicky Maiklem', 'Mraz Inc', 'Finance', 'Capital Goods', 'Colleen Warrell', 20, '2019-07-25', '2021-05-21', 'Fixed price', 'Project office support', 'transitional', 'Persistent'),
	(21, 'Zoolab', 'F.94019639.80.92', 'N/A', 'In progress', 'Magdaia McDonald', 'Warde Grimsdike', 'Minne Potticary', 'Turcotte-Stark', 'Energy', 'Health Care', 'Cecilla Neame', 19, '2018-10-25', '2021-08-08', 'N/A', 'Body leasing', 'Inverse', 'hybrid'),
	(22, 'Zamit', 'F.75393605.02.53', 'Initiating', 'N/A', 'Ramon Cianni', 'Viki Mannix', 'Juditha Douty', 'Wintheiser, Ortiz and Brakus', 'n/a', 'Energy', 'Lacie Fripps', 18, '2019-04-29', '2021-03-08', 'Fixed price', 'Maintenance support (SLA service)', 'neutral', 'Synchronised'),
	(23, 'Sonair', 'F.22737931.08.49', 'Executing', 'In offer', 'Debby Di Iorio', 'Clarke Estcourt', 'Lotti Ansteys', 'Harvey-Gottlieb', 'Consumer Services', 'Health Care', 'Boigie Derrell', 19, '2019-01-01', '2021-08-23', 'Time & material with limit', 'SAP', 'reciprocal', 'budgetary management'),
	(24, 'Voyatouch', 'F.78921849.43.15', 'N/A', 'In progress', 'Martguerita Northidge', 'Justus Mitham', 'Manuel Siemens', 'Smitham LLC', 'Finance', 'Health Care', 'Artie Whytock', 18, '2019-02-12', '2021-05-11', 'Fixed price with limit', 'N/A', 'Synergistic', 'Seamless'),
	(25, 'Home Ing', 'F.84744180.30.28', 'N/A', 'Filled', 'Rivalee Banks', 'Ursula Danielou', 'Meredith Denkin', 'Luettgen-Anderson', 'Technology', 'Basic Industries', 'Koo Dewing', 12, '2019-03-01', '2020-12-11', 'Fixed price with limit', 'Body leasing', 'Graphic Interface', 'Persistent'),
	(26, 'Sub-Ex', 'F.52747898.56.31', 'Initiating', 'Open', 'Quinlan Filov', 'Eulalie Alasdair', 'Melloney Flett', 'Leffler, Considine and Spencer', 'Health Care', 'Finance', 'Romola Legen', 14, '2019-08-19', '2020-09-23', 'Time & material without limit', 'Project office support', 'infrastructure', 'website'),
	(27, 'Biodex', 'F.55254302.24.57', 'Active', 'Completed', 'Eleonore Norcop', 'Marlo Witherbed', 'Gretta Schubart', 'Kozey-Cruickshank', 'Health Care', 'Energy', 'Wallie Arangy', 17, '2019-01-22', '2021-04-05', 'Fixed price with limit', 'Maintenance support (SLA service)', 'infrastructure', 'Cross-platform'),
	(28, 'Rank', 'F.58712491.43.44', 'Initiating', 'In progress', 'Ronni Manis', 'Archibold Petican', 'Anet Phethean', 'Larson, Jaskolski and Cremin', 'Technology', 'n/a', 'Sabrina Shoubridge', 3, '2019-08-04', '2020-12-12', 'Fixed price with limit', 'Development project', 'process improvement', 'benchmark'),
	(29, 'Andalax', 'F.96560399.53.64', 'N/A', 'Filled', 'Amble Chisman', 'Deloris Tourne', 'Ker Rivitt', 'Macejkovic-Maggio', 'Health Care', 'Technology', 'Odell Klassmann', 11, '2019-08-09', '2021-06-08', 'Fixed price', 'Application operation', 'Focused', 'emulation'),
	(30, 'Voltsillam', 'F.15876203.39.52', 'Executing', 'Filled', 'Evonne Twidell', 'Emogene Gridon', 'Alfons Tinwell', 'Hermann-Stroman', 'Consumer Services', 'Miscellaneous', 'Kira Kenealy', 1, '2018-10-20', '2021-08-08', 'Fixed price with limit', 'Business Intelligent (BI)', 'cohesive', 'Digitized'),
	(31, 'Cardify', 'F.17260179.02.70', 'Active', 'Completed', 'Baxy Wyche', 'Gabe Cramb', 'Bernardo Caldicot', 'MacGyver-Deckow', 'Finance', 'Finance', 'Hallsy Wix', 13, '2019-07-02', '2021-02-16', 'Fixed price', 'Maintenance support (SLA service)', 'executive', 'knowledge user'),
	(32, 'Matsoft', 'F.17803212.08.94', 'Active', 'Cancelled', 'Arlena Wackly', 'Michele Pizzie', 'Catharina Henric', 'Lemke, Price and Cassin', 'n/a', 'Consumer Services', 'Horten Ovett', 9, '2019-07-28', '2021-01-11', 'Fixed price', 'N/A', 'contextually-based', 'non-volatile'),
	(33, 'Lotlux', 'F.09337290.02.42', 'N/A', 'In progress', 'Merilyn Anwyl', 'Daniela Jacomb', 'Tiebout Peinke', 'Daniel Inc', 'Capital Goods', 'Finance', 'Josselyn Volante', 13, '2018-10-24', '2021-01-13', 'Fixed price with limit', 'SAP', 'artificial intelligence', 'hardware'),
	(34, 'Greenlam', 'F.92118514.70.59', 'Initiating', 'Filled', 'Gar Venable', 'Myrah Walding', 'Leyla McIleen', 'Ondricka-Fahey', 'Consumer Services', 'Finance', 'Candice Broose', 16, '2018-11-03', '2020-11-15', 'N/A', 'Project office support', 'mobile', 'Mandatory'),
	(35, 'Home Ing', 'F.53957681.27.32', 'Active', 'In progress', 'Heddie Glastonbury', 'Keven Nickell', 'Asher Shackleton', 'Auer, Weber and Beier', 'Energy', 'Consumer Services', 'Cher Caccavale', 13, '2019-02-02', '2021-01-11', 'Time & material without limit', 'Body leasing', 'Exclusive', 'Quality-focused'),
	(36, 'Otcom', 'F.17870273.31.54', 'Executing', 'Open', 'Pearla Haney`', 'Lyon Hirjak', 'Gard Labuschagne', 'Schuppe, Littel and Jaskolski', 'n/a', 'n/a', 'Clevie Filkin', 16, '2019-07-16', '2021-04-08', 'Time & material without limit', 'N/A', 'Stand-alone', 'Networked'),
	(37, 'Biodex', 'F.44230629.72.47', 'Initiating', 'In offer', 'Gallard Kristof', 'Farris Lawrenson', 'Reynolds Surplice', 'Satterfield-Ullrich', 'Technology', 'Public Utilities', 'Ortensia Hurdiss', 5, '2018-10-29', '2020-09-18', 'Fixed price with limit', 'N/A', '6th generation', 'high-level'),
	(38, 'Duobam', 'F.58025130.33.38', 'Active', 'Cancelled', 'Allie Sainsbury-Brown', 'Sascha Kleint', 'Robbie Donson', 'Bechtelar Group', 'Consumer Services', 'Consumer Services', 'Broderick Lyddy', 6, '2019-07-06', '2021-08-16', 'Fixed price', 'Business Intelligent (BI)', 'Versatile', '24/7'),
	(39, 'Voltsillam', 'F.02403166.76.60', 'Active', 'Filled', 'Maximilian Careswell', 'Ulrick Merrifield', 'Ninnette Nutbeam', 'Goldner and Sons', 'Transportation', 'Technology', 'Lola Goggey', 2, '2018-11-30', '2021-03-12', 'N/A', 'Business Intelligent (BI)', 'Centralized', 'alliance'),
	(40, 'Sub-Ex', 'F.47652077.90.55', 'Initiating', 'Open', 'Trip Potten', 'Mohandas Dowle', 'Jenni Slorance', 'Reilly, Green and Heidenreich', 'Capital Goods', 'Technology', 'Carlos Loren', 10, '2019-03-18', '2020-10-11', 'N/A', 'Business Intelligent (BI)', 'methodology', 'regional'),
	(41, 'Lotstring', 'F.95221292.50.55', 'N/A', 'In offer', 'Enrico Korda', 'Siward Niave', 'Eamon Malia', 'Turcotte-Collier', 'Transportation', 'n/a', 'Sal Elloy', 7, '2019-08-13', '2020-12-04', 'N/A', 'Body leasing', 'benchmark', 'core'),
	(42, 'Alphazap', 'F.17581991.22.86', 'Executing', 'Open', 'Baldwin Fritchly', 'Lela Brotherhood', 'Corella Andriessen', 'Bayer, Jenkins and Quitzon', 'n/a', 'Consumer Services', 'Giordano Cansfield', 18, '2019-01-24', '2021-01-31', 'N/A', 'Body leasing', 'time-frame', 'logistical'),
	(43, 'Konklux', 'F.03328266.23.06', 'Initiating', 'Cancelled', 'Storm Januszewicz', 'Reggie Spawton', 'Hayyim MacNamara', 'Ryan-Balistreri', 'Technology', 'Technology', 'Skipper Poore', 5, '2019-07-13', '2020-12-27', 'Time & material with limit', 'SAP', 'artificial intelligence', 'Implemented'),
	(44, 'Tres-Zap', 'F.63343778.61.63', 'N/A', 'In offer', 'Marga Bowfin', 'Ari O Coskerry', 'Danika McAnellye', 'Oberbrunner LLC', 'n/a', 'Finance', 'Darnell Chorlton', 19, '2019-09-02', '2021-08-24', 'Time & material with limit', 'Development project', 'throughput', 'conglomeration'),
	(45, 'Matsoft', 'F.96149033.47.51', 'Active', 'In offer', 'Mariam Frosdick', 'Sheeree Dunton', 'Wilmette Dilks', 'Gorczany Inc', 'n/a', 'n/a', 'Alida Bartlomiej', 1, '2018-11-05', '2021-07-21', 'Time & material with limit', 'N/A', 'pricing structure', 'functionalities'),
	(46, 'Vagram', 'F.48776123.93.74', 'Executing', 'Filled', 'Pepito De Andreis', 'Joycelin Bailey', 'Filip Volkes', 'Weber, Osinski and Herman', 'Health Care', 'n/a', 'Elaina Christopherson', 20, '2018-12-22', '2021-03-17', 'Fixed price', 'Body leasing', 'Focused', 'empowering'),
	(47, 'Sub-Ex', 'F.22868914.48.68', 'N/A', 'Open', 'Taddeusz Sheaf', 'Liv Sirrell', 'Donny Blitzer', 'Nicolas-Hegmann', 'n/a', 'Technology', 'Laney Birtchnell', 16, '2018-11-16', '2021-05-05', 'Fixed price', 'Application operation', 'Mandatory', 'Managed'),
	(48, 'Veribet', 'F.84598937.78.19', 'Executing', 'N/A', 'Lise Eringey', 'Delmer Graben', 'Rivkah O Carroll', 'Collier, Auer and Smith', 'n/a', 'Capital Goods', 'Matty Edgar', 20, '2018-11-21', '2020-12-09', 'Time & material with limit', 'Business Intelligent (BI)', 'well-modulated', 'methodology'),
	(49, 'Treeflex', 'F.84872074.85.95', 'Executing', 'In progress', 'Shaine Ingamells', 'Anatola Kimm', 'Waylin Anlay', 'Zboncak LLC', 'Consumer Services', 'n/a', 'Celinda Goede', 9, '2019-07-01', '2020-11-07', 'Fixed price with limit', 'N/A', 'solution-oriented', 'standardization'),
	(50, 'Andalax', 'F.08271969.77.38', 'N/A', 'In offer', 'Guinna Scarfe', 'Phyllis Beeck', 'Urban Lobe', 'Adams, Powlowski and Lueilwitz', 'Consumer Services', 'Technology', 'Janey Steely', 4, '2019-03-04', '2021-05-18', 'Time & material without limit', 'Development project', 'Progressive', 'Face to face');

INSERT INTO `demands` (`id`, `name`, `mib`, `user_id`, `project_id`, `utilization`, `project_start`, `project_end`) VALUES
	(1, 'Sonair_DEMAND_60075', 'MIB_85751', 33, 23, 25, '2019-01-11', '2021-02-05'),
	(2, 'Duobam_DEMAND_39421', 'MIB_89812', 114, 38, 25, '2019-07-04', '2021-04-05'),
	(3, 'Fixflex_DEMAND_15301', 'MIB_31416', 164, 1, 50, '2019-06-27', '2021-03-01'),
	(4, 'Sub-Ex_DEMAND_72925', 'MIB_45784', 122, 26, 25, '2019-07-30', '2021-08-11'),
	(5, 'Otcom_DEMAND_76556', 'MIB_25578', 81, 36, 25, '2018-12-22', '2021-02-16'),
	(6, 'Voya_DEMAND_01690', 'MIB_04300', 26, 24, 25, '2019-04-17', '2020-10-10'),
	(7, 'Mat2_DEMAND_58127', 'MIB_07099', 51, 45, 13, '2019-01-23', '2021-05-06'),
	(8, 'Verib2_DEMAND_08370', 'MIB_80611', 66, 48, 25, '2018-10-06', '2021-03-07'),
	(9, 'Mat2_DEMAND_78152', 'MIB_22816', 15, 45, 50, '2019-08-03', '2020-10-28'),
	(10, 'Sub-Ex3_DEMAND_26479', 'MIB_92894', 121, 47, 100, '2019-09-03', '2021-07-10'),
	(11, 'Veribet_DEMAND_81359', 'MIB_08076', 40, 11, 100, '2019-07-13', '2021-03-15'),
	(12, 'Mat2_DEMAND_93533', 'MIB_82862', 107, 45, 25, '2019-04-26', '2021-01-02'),
	(13, 'Cardify_DEMAND_32146', 'MIB_47924', 14, 2, 50, '2019-07-04', '2020-11-23'),
	(14, 'Green_DEMAND_85631', 'MIB_04038', NULL, 34, 0, NULL, NULL),
	(15, 'Latlux2_DEMAND_88101', 'MIB_21089', 20, 17, 25, '2019-06-24', '2020-11-14'),
	(16, 'Matsoft_DEMAND_55812', 'MIB_91774', 168, 32, 25, '2018-10-22', '2020-11-08'),
	(17, 'Sub-Ex_DEMAND_34759', 'MIB_21331', 91, 26, 25, '2019-04-21', '2021-05-13'),
	(18, 'Voya_DEMAND_13812', 'MIB_95266', 116, 24, 75, '2019-03-04', '2020-12-06'),
	(19, 'Veribet_DEMAND_09093', 'MIB_50255', 172, 11, 25, '2018-10-25', '2021-05-19'),
	(20, 'Sonair_DEMAND_80549', 'MIB_92286', 142, 23, 50, '2019-02-15', '2021-03-22'),
	(21, 'Bamity_DEMAND_92145', 'MIB_27066', 20, 9, 25, '2019-03-10', '2020-09-28'),
	(22, 'Verib2_DEMAND_35524', 'MIB_56589', 69, 48, 25, '2019-03-29', '2021-06-12'),
	(23, 'Lotstr_DEMAND_19609', 'MIB_31667', 46, 41, 25, '2019-03-04', '2020-11-16'),
	(24, 'Treef_DEMAND_41072', 'MIB_47180', 83, 19, 100, '2018-09-19', '2021-09-01'),
	(25, 'Otcom_DEMAND_11461', 'MIB_74838', 16, 36, 80, '2019-08-30', '2021-05-08'),
	(26, 'Mat2_DEMAND_41236', 'MIB_55559', 16, 45, 20, '2019-01-17', '2021-04-24'),
	(27, 'Duobam_DEMAND_89986', 'MIB_07490', 170, 38, 50, '2019-05-26', '2021-04-27'),
	(28, 'Vagram_DEMAND_30711', 'MIB_38147', 93, 46, 100, '2019-04-24', '2021-08-17'),
	(29, 'Andal2_DEMAND_85078', 'MIB_18969', 195, 50, 50, '2018-12-27', '2021-03-06'),
	(30, 'Mat2_DEMAND_88992', 'MIB_12621', 29, 45, 100, '2019-01-19', '2021-06-03'),
	(31, 'Voya_DEMAND_58282', 'MIB_54138', 110, 24, 50, '2019-03-01', '2021-05-15'),
	(32, 'Vagram_DEMAND_01991', 'MIB_50956', 137, 46, 50, '2019-02-05', '2021-01-15'),
	(33, 'Alphaz_DEMAND_70280', 'MIB_60191', 111, 42, 25, '2019-08-14', '2020-10-18'),
	(34, 'Voltsil_DEMAND_76043', 'MIB_61261', 22, 30, 10, '2019-07-11', '2020-10-08'),
	(35, 'Cardi2_DEMAND_84335', 'MIB_84536', 115, 31, 50, '2019-06-01', '2021-09-14'),
	(36, 'Bytec_DEMAND_11665', 'MIB_14577', 42, 4, 100, '2019-05-17', '2021-02-17'),
	(37, 'Rank2_DEMAND_32431', 'MIB_46956', 76, 28, 50, '2018-09-24', '2021-03-15'),
	(38, 'Cardi2_DEMAND_55780', 'MIB_23311', 43, 31, 50, '2019-07-30', '2021-03-31'),
	(39, 'Bamity_DEMAND_92062', 'MIB_98745', 169, 9, 50, '2019-09-10', '2021-04-13'),
	(40, 'Home2_DEMAND_44838', 'MIB_82059', 108, 35, 50, '2019-03-22', '2021-03-13'),
	(41, 'Latlux2_DEMAND_14601', 'MIB_01453', 170, 17, 50, '2019-05-23', '2021-06-07'),
	(42, 'Ronst_DEMAND_70200', 'MIB_06012', 186, 13, 25, '2019-05-16', '2020-09-30'),
	(43, 'Tres_DEMAND_85699', 'MIB_81506', 60, 44, 50, '2018-10-23', '2021-08-03'),
	(44, 'Fixflex_DEMAND_12987', 'MIB_84936', 138, 1, 25, '2019-04-08', '2021-01-30'),
	(45, 'Treef2_DEMAND_25987', 'MIB_27832', 145, 49, 50, '2019-03-04', '2020-12-02'),
	(46, 'Latlux2_DEMAND_11128', 'MIB_96483', 100, 17, 50, '2019-06-16', '2021-01-07'),
	(47, 'Home2_DEMAND_19346', 'MIB_85985', 136, 35, 50, '2018-11-08', '2021-03-12'),
	(48, 'Zamit_DEMAND_90495', 'MIB_36629', 53, 22, 50, '2018-12-11', '2020-11-10'),
	(49, 'Sub-Ex_DEMAND_58566', 'MIB_65703', 23, 26, 25, '2019-09-03', '2021-05-13'),
	(50, 'Prodder_DEMAND_46956', 'MIB_85822', 22, 10, 20, '2019-01-05', '2021-01-02'),
	(51, 'Ronst_DEMAND_99179', 'MIB_35104', 69, 13, 25, '2018-09-22', '2021-06-25'),
	(52, 'Lotlux_DEMAND_85439', 'MIB_04195', NULL, 33, 0, NULL, NULL),
	(53, 'Duobam_DEMAND_69087', 'MIB_16916', 198, 38, 100, '2018-12-04', '2021-08-09'),
	(54, 'Andalax_DEMAND_69091', 'MIB_07417', 102, 29, 50, '2018-10-31', '2020-12-01'),
	(55, 'Fixflex_DEMAND_89748', 'MIB_17496', 157, 1, 25, '2019-02-15', '2021-03-24'),
	(56, 'Home2_DEMAND_56016', 'MIB_77462', 87, 35, 50, '2019-03-19', '2021-08-26'),
	(57, 'Zamit_DEMAND_53393', 'MIB_30551', 116, 22, 25, '2019-02-14', '2020-12-29'),
	(58, 'Alpha2_DEMAND_87116', 'MIB_78251', 164, 7, 50, '2019-08-03', '2021-04-02'),
	(59, 'Alpha2_DEMAND_34672', 'MIB_08717', 94, 7, 100, '2018-09-22', '2021-02-05'),
	(60, 'Zoolab_DEMAND_75654', 'MIB_27518', 192, 21, 13, '2019-05-18', '2021-06-02'),
	(61, 'Vagram_DEMAND_82773', 'MIB_59378', 47, 46, 50, '2019-09-17', '2021-03-14'),
	(62, 'Zamit_DEMAND_88988', 'MIB_79928', 48, 22, 50, '2019-04-11', '2021-01-08'),
	(63, 'Alpha_DEMAND_42983', 'MIB_06729', 69, 3, 25, '2018-12-15', '2021-03-20'),
	(64, 'Prod2_DEMAND_05624', 'MIB_17885', 161, 16, 50, '2018-11-05', '2021-05-09'),
	(65, 'Biodex2_DEMAND_95328', 'MIB_67524', 130, 37, 10, '2018-10-17', '2021-01-03'),
	(66, 'Biodex_DEMAND_60090', 'MIB_55325', 192, 27, 25, '2019-06-12', '2020-12-25'),
	(67, 'Rank2_DEMAND_48614', 'MIB_81939', 67, 28, 50, '2019-05-09', '2020-10-21'),
	(68, 'Matsoft_DEMAND_93241', 'MIB_41959', 130, 32, 50, '2019-03-24', '2020-10-25'),
	(69, 'Zamit_DEMAND_92996', 'MIB_81629', 87, 22, 25, '2019-09-02', '2021-02-22'),
	(70, 'Biodex_DEMAND_76651', 'MIB_43448', 148, 27, 100, '2019-09-01', '2020-09-23'),
	(71, 'Duobam_DEMAND_14252', 'MIB_26566', 14, 38, 50, '2019-02-09', '2021-09-05'),
	(72, 'Andal2_DEMAND_05983', 'MIB_19053', 142, 50, 50, '2019-08-06', '2021-05-23'),
	(73, 'Otcom_DEMAND_85842', 'MIB_47169', 162, 36, 50, '2019-05-19', '2021-05-18'),
	(74, 'Voya_DEMAND_62744', 'MIB_91019', 70, 24, 50, '2019-06-14', '2021-07-19'),
	(75, 'Y-find_DEMAND_98601', 'MIB_62143', 58, 8, 100, '2018-10-27', '2021-07-12'),
	(76, 'Bitwolf_DEMAND_44252', 'MIB_64847', 139, 18, 25, '2019-08-23', '2021-06-30'),
	(77, 'Alpha_DEMAND_88058', 'MIB_03898', 172, 3, 25, '2019-03-05', '2021-08-27'),
	(78, 'Mat2_DEMAND_11789', 'MIB_47672', NULL, 45, 0, NULL, NULL),
	(79, 'Cardi2_DEMAND_88874', 'MIB_99196', 157, 31, 50, '2019-09-16', '2020-09-23'),
	(80, 'Sub-Ex3_DEMAND_94783', 'MIB_68677', 97, 47, 20, '2018-11-16', '2021-07-24'),
	(81, 'Cardify_DEMAND_61097', 'MIB_45325', 15, 2, 50, '2019-02-14', '2021-07-25'),
	(82, 'Andalax_DEMAND_47488', 'MIB_20250', 23, 29, 25, '2018-12-09', '2021-05-01'),
	(83, 'Otcom_DEMAND_74553', 'MIB_23268', 145, 36, 50, '2018-12-10', '2021-06-02'),
	(84, 'Treef2_DEMAND_47360', 'MIB_62625', 122, 49, 25, '2019-09-12', '2020-11-16'),
	(85, 'Sub-Ex_DEMAND_62294', 'MIB_86562', 81, 26, 25, '2019-05-17', '2020-09-26'),
	(86, 'Voya_DEMAND_98703', 'MIB_99646', 195, 24, 25, '2018-11-04', '2021-07-21'),
	(87, 'Flexidy_DEMAND_68525', 'MIB_44195', 175, 6, 100, '2019-05-06', '2020-11-19'),
	(88, 'Duobam_DEMAND_29435', 'MIB_00810', 184, 38, 100, '2019-03-29', '2021-07-12'),
	(89, 'Andal2_DEMAND_99558', 'MIB_95630', 181, 50, 100, '2019-07-25', '2020-10-28'),
	(90, 'Treef2_DEMAND_76437', 'MIB_12185', 85, 49, 100, '2019-06-07', '2020-11-30'),
	(91, 'Zoolab_DEMAND_66620', 'MIB_23791', 171, 21, 25, '2019-08-12', '2021-09-13'),
	(92, 'Voltsil_DEMAND_33219', 'MIB_55295', 56, 30, 80, '2018-12-08', '2021-02-26'),
	(93, 'Bytec_DEMAND_96616', 'MIB_80730', 59, 4, 50, '2019-03-21', '2021-08-29'),
	(94, 'Otcom_DEMAND_81236', 'MIB_58706', 199, 36, 50, '2019-08-03', '2021-08-19'),
	(95, 'Prodder_DEMAND_72928', 'MIB_05345', 66, 10, 25, '2019-05-17', '2021-01-14'),
	(96, 'Cardi2_DEMAND_17090', 'MIB_16642', 12, 31, 100, '2018-07-20', '2021-10-22'),
	(97, 'Duobam_DEMAND_67465', 'MIB_28752', 177, 12, 50, '2019-07-31', '2021-07-04'),
	(98, 'Sub-Ex_DEMAND_36513', 'MIB_10019', 130, 26, 10, '2018-10-04', '2020-09-20'),
	(99, 'Quo Lux_DEMAND_78500', 'MIB_05314', 46, 5, 25, '2019-03-31', '2021-06-16'),
	(100, 'Veribet_DEMAND_21750', 'MIB_88752', 11, 11, 50, '2020-06-18', '2021-09-23'),
	(101, 'Bytec_DEMAND_10813', 'MIB_60418', 76, 4, 50, '2019-06-06', '2021-01-17'),
	(102, 'Andal2_DEMAND_63248', 'MIB_18935', 183, 50, 25, '2019-07-16', '2021-04-09'),
	(103, 'Bitwolf_DEMAND_09492', 'MIB_89040', 26, 18, 75, '2019-03-06', '2020-11-30'),
	(104, 'Fixflex_DEMAND_95720', 'MIB_40950', NULL, 1, 0, NULL, NULL),
	(105, 'Duobam_DEMAND_91640', 'MIB_42871', 7, 38, 100, '2019-01-09', '2022-10-01'),
	(106, 'Latlux2_DEMAND_17677', 'MIB_72624', 37, 17, 80, '2018-10-15', '2021-05-28'),
	(107, 'Y-find_DEMAND_60054', 'MIB_74334', 74, 8, 50, '2019-08-07', '2021-03-07'),
	(108, 'Rank_DEMAND_97299', 'MIB_67422', 168, 20, 50, '2019-07-29', '2020-12-25'),
	(109, 'Andal2_DEMAND_87722', 'MIB_53081', 107, 50, 50, '2018-10-27', '2020-10-19'),
	(110, 'Quo Lux_DEMAND_20247', 'MIB_97280', 5, 5, 50, '2020-09-24', '2022-10-21'),
	(111, 'Alpha2_DEMAND_38790', 'MIB_90630', 169, 7, 50, '2018-10-13', '2021-08-12'),
	(112, 'Cardi2_DEMAND_67196', 'MIB_14780', 73, 31, 50, '2018-12-22', '2021-07-22'),
	(113, 'Green_DEMAND_79004', 'MIB_58517', 119, 34, 100, '2018-10-03', '2021-03-18'),
	(114, 'Vagram_DEMAND_23978', 'MIB_84798', 50, 46, 50, '2018-12-15', '2020-11-22'),
	(115, 'Veribet_DEMAND_01363', 'MIB_30780', 4, 11, 100, '2016-01-22', '2022-12-31'),
	(116, 'Quo Lux_DEMAND_84348', 'MIB_51407', 86, 5, 100, '2019-07-17', '2021-04-15'),
	(117, 'Voltsil_DEMAND_23409', 'MIB_27399', 191, 30, 100, '2019-07-11', '2021-09-17'),
	(118, 'Duobam_DEMAND_45374', 'MIB_03980', 3, 12, 100, '2016-09-23', '2022-12-23'),
	(119, 'Cardi2_DEMAND_63369', 'MIB_68647', NULL, 31, 0, NULL, NULL),
	(120, 'Lotstr_DEMAND_86760', 'MIB_97666', 90, 41, 100, '2019-05-16', '2021-05-26'),
	(121, 'Prodder_DEMAND_54991', 'MIB_82366', 125, 10, 100, '2019-01-08', '2020-12-04'),
	(122, 'Mat2_DEMAND_30631', 'MIB_80532', 27, 45, 100, '2019-06-26', '2021-02-11'),
	(123, 'Treef_DEMAND_71388', 'MIB_85352', 171, 19, 50, '2019-05-17', '2020-12-25'),
	(124, 'Bamity_DEMAND_55925', 'MIB_49529', 176, 9, 25, '2019-07-16', '2021-06-28'),
	(125, 'Cardify_DEMAND_89558', 'MIB_02496', 30, 2, 100, '2019-07-14', '2021-01-07'),
	(126, 'Voltsil_DEMAND_82001', 'MIB_09477', 95, 30, 50, '2019-05-14', '2021-08-24'),
	(127, 'Lotstr_DEMAND_50051', 'MIB_86455', 132, 41, 25, '2018-11-10', '2021-08-12'),
	(128, 'Prod2_DEMAND_10569', 'MIB_86684', 53, 16, 25, '2019-08-06', '2021-09-11'),
	(129, 'Home_DEMAND_24789', 'MIB_94305', 183, 25, 50, '2018-12-27', '2021-05-05'),
	(130, 'Volt2_DEMAND_21156', 'MIB_97011', 92, 39, 25, '2019-05-10', '2021-03-18'),
	(131, 'Zamit_DEMAND_02660', 'MIB_20035', 194, 22, 25, '2019-02-01', '2021-06-03'),
	(132, 'Fixflex_DEMAND_83109', 'MIB_08118', 54, 1, 25, '2019-07-30', '2021-06-04'),
	(133, 'Ronst_DEMAND_89983', 'MIB_64266', 100, 13, 50, '2019-07-10', '2021-01-09'),
	(134, 'Cardi2_DEMAND_27099', 'MIB_51067', 72, 31, 100, '2019-06-01', '2021-02-12'),
	(135, 'Sonair_DEMAND_28981', 'MIB_58631', 53, 23, 25, '2018-12-01', '2021-08-24'),
	(136, 'Duobam_DEMAND_83637', 'MIB_05547', 102, 38, 50, '2019-05-24', '2021-07-05'),
	(137, 'Fixflex_DEMAND_92814', 'MIB_89339', 39, 1, 80, '2019-01-01', '2020-11-21'),
	(138, 'Sub-Ex2_DEMAND_79198', 'MIB_49393', 107, 40, 25, '2019-09-10', '2020-11-30'),
	(139, 'Alpha2_DEMAND_57418', 'MIB_23490', NULL, 7, 0, NULL, NULL),
	(140, 'Verib2_DEMAND_61012', 'MIB_83626', 60, 48, 50, '2018-12-29', '2021-02-25'),
	(141, 'Flexidy_DEMAND_96228', 'MIB_57645', 109, 6, 80, '2019-07-14', '2021-04-25'),
	(142, 'Alpha2_DEMAND_57135', 'MIB_77539', 34, 7, 25, '2019-02-15', '2021-08-25'),
	(143, 'Mat2_DEMAND_53467', 'MIB_62146', 2, 45, 100, '2019-09-21', '2020-11-21'),
	(144, 'Flexidy_DEMAND_06139', 'MIB_03768', 92, 6, 50, '2018-11-11', '2021-05-26'),
	(145, 'Prodder_DEMAND_41044', 'MIB_76850', 115, 10, 50, '2019-06-21', '2020-11-17'),
	(146, 'Zamit_DEMAND_80618', 'MIB_72949', 123, 22, 100, '2019-01-04', '2020-10-31'),
	(147, 'Lotlux_DEMAND_08289', 'MIB_02529', 174, 33, 100, '2019-08-19', '2021-04-08'),
	(148, 'Veribet_DEMAND_26346', 'MIB_40105', 31, 11, 100, '2019-01-23', '2021-08-18'),
	(149, 'Home2_DEMAND_77351', 'MIB_66351', 8, 35, 100, '2018-10-22', '2019-10-22'),
	(150, 'Prod2_DEMAND_07953', 'MIB_75579', 112, 16, 100, '2018-11-03', '2021-03-13'),
	(151, 'Lotstr_DEMAND_29287', 'MIB_33999', 9, 41, 25, '2020-09-21', '2021-01-21'),
	(152, 'Volt2_DEMAND_95564', 'MIB_92382', 122, 39, 25, '2019-08-20', '2021-05-16'),
	(153, 'Bamity_DEMAND_86175', 'MIB_12557', 34, 9, 25, '2019-03-23', '2021-02-15'),
	(154, 'Mat2_DEMAND_56404', 'MIB_74183', 22, 45, 20, '2019-06-11', '2020-12-24'),
	(155, 'Duobam_DEMAND_32923', 'MIB_47282', 194, 38, 50, '2018-10-06', '2021-02-12'),
	(156, 'Biodex_DEMAND_61929', 'MIB_39877', 77, 27, 100, '2018-12-21', '2021-03-13'),
	(157, 'Biodex_DEMAND_07513', 'MIB_43222', 9, 27, 25, '2020-06-21', '2021-06-24'),
	(158, 'Home2_DEMAND_97904', 'MIB_35772', 70, 35, 25, '2019-02-09', '2021-05-02'),
	(159, 'Prodder_DEMAND_25175', 'MIB_35904', 51, 10, 13, '2019-07-13', '2020-11-08'),
	(160, 'Home_DEMAND_49661', 'MIB_72270', 199, 25, 25, '2018-11-15', '2021-02-20'),
	(161, 'Biodex2_DEMAND_71326', 'MIB_30242', 57, 37, 80, '2018-12-12', '2020-12-19'),
	(162, 'Sub-Ex_DEMAND_71312', 'MIB_35769', 98, 26, 50, '2019-03-30', '2021-08-26'),
	(163, 'Lotstr_DEMAND_13464', 'MIB_34003', 22, 41, 25, '2018-10-26', '2021-03-31'),
	(164, 'Lotlux_DEMAND_97987', 'MIB_88198', 61, 33, 20, '2019-06-02', '2020-10-28'),
	(165, 'Home2_DEMAND_52305', 'MIB_60352', 20, 35, 25, '2019-01-18', '2021-05-31'),
	(166, 'Ronst_DEMAND_17170', 'MIB_57834', 73, 13, 25, '2019-01-05', '2021-08-02'),
	(167, 'Alpha_DEMAND_60190', 'MIB_55082', NULL, 3, 0, NULL, NULL),
	(168, 'Prodder_DEMAND_58110', 'MIB_16918', 122, 10, 25, '2019-03-27', '2021-07-30'),
	(169, 'Zoolab_DEMAND_04356', 'MIB_04889', 199, 21, 25, '2019-04-25', '2021-01-13'),
	(170, 'Andalax_DEMAND_17696', 'MIB_32089', NULL, 29, 0, NULL, NULL),
	(171, 'Vagram_DEMAND_89291', 'MIB_04188', 153, 46, 50, '2019-09-14', '2021-02-21'),
	(172, 'Veribet_DEMAND_23664', 'MIB_03605', 160, 11, 50, '2019-07-06', '2021-06-05'),
	(173, 'Bytec_DEMAND_31046', 'MIB_39903', NULL, 4, 0, NULL, NULL),
	(174, 'Fixflex_DEMAND_00183', 'MIB_99749', 51, 1, 13, '2019-07-21', '2021-03-27'),
	(175, 'Prod2_DEMAND_42542', 'MIB_00681', 130, 16, 10, '2018-12-21', '2021-05-17'),
	(176, 'Zoolab_DEMAND_76088', 'MIB_93884', NULL, 21, 0, NULL, NULL),
	(177, 'Home2_DEMAND_91570', 'MIB_76039', 63, 35, 80, '2018-11-07', '2021-05-07'),
	(178, 'Home2_DEMAND_20934', 'MIB_56536', 118, 35, 50, '2019-02-01', '2021-06-13'),
	(179, 'Alpha2_DEMAND_70771', 'MIB_38659', NULL, 7, 0, NULL, NULL),
	(180, 'Voya_DEMAND_01174', 'MIB_91988', NULL, 24, 0, NULL, NULL),
	(181, 'Alpha_DEMAND_29048', 'MIB_21386', 87, 3, 25, '2019-05-14', '2020-10-11'),
	(182, 'Treef_DEMAND_73614', 'MIB_90011', 136, 19, 50, '2019-05-19', '2020-11-18'),
	(183, 'Biodex_DEMAND_62006', 'MIB_90384', 98, 27, 50, '2019-08-03', '2021-05-25'),
	(184, 'Volt2_DEMAND_23839', 'MIB_50378', 137, 39, 50, '2018-12-05', '2021-02-01'),
	(185, 'Green_DEMAND_96669', 'MIB_95094', 110, 34, 50, '2019-08-30', '2021-05-31'),
	(186, 'Bytec_DEMAND_54200', 'MIB_95831', 197, 4, 50, '2018-09-26', '2021-03-21'),
	(187, 'Lotstr_DEMAND_01084', 'MIB_03949', 52, 41, 50, '2019-07-24', '2021-07-19'),
	(188, 'Zoolab_DEMAND_59948', 'MIB_68361', 183, 21, 15, '2019-07-09', '2020-11-25'),
	(189, 'Verib2_DEMAND_62768', 'MIB_69643', 124, 48, 100, '2019-01-24', '2021-05-01'),
	(190, 'Home2_DEMAND_06997', 'MIB_61952', 5, 35, 50, '2020-09-24', '2023-03-02'),
	(191, 'Cardi2_DEMAND_09442', 'MIB_64925', 69, 31, 25, '2019-07-11', '2021-02-16'),
	(192, 'Prodder_DEMAND_44615', 'MIB_49597', 183, 10, 10, '2018-12-18', '2021-01-15'),
	(193, 'Treef2_DEMAND_00337', 'MIB_29498', 200, 49, 50, '2018-09-29', '2021-08-05'),
	(194, 'Namfix_DEMAND_36828', 'MIB_11695', 89, 14, 25, '2018-12-02', '2021-06-24'),
	(195, 'Flexidy_DEMAND_32522', 'MIB_05949', 47, 6, 50, '2019-05-28', '2021-02-28'),
	(196, 'Bamity_DEMAND_62777', 'MIB_78235', 55, 9, 50, '2019-06-15', '2021-04-26'),
	(197, 'Prodder_DEMAND_62485', 'MIB_83586', 177, 10, 50, '2019-03-16', '2021-05-10'),
	(198, 'Zamit_DEMAND_96209', 'MIB_97855', 44, 22, 100, '2018-11-06', '2021-07-13'),
	(199, 'Veribet_DEMAND_26859', 'MIB_71234', NULL, 11, 0, NULL, NULL),
	(200, 'Treef2_DEMAND_70185', 'MIB_98959', 33, 49, 25, '2019-03-17', '2021-09-13'),
	(201, 'Ronst_DEMAND_55563', 'MIB_97902', 43, 13, 50, '2018-11-28', '2021-05-12'),
	(202, 'Quo Lux_DEMAND_28735', 'MIB_98775', 36, 5, 100, '2019-03-08', '2021-01-11'),
	(203, 'Quo Lux_DEMAND_29469', 'MIB_03375', 75, 5, 50, '2019-04-02', '2021-09-09'),
	(204, 'Quo Lux_DEMAND_98132', 'MIB_29312', 152, 5, 50, '2019-07-18', '2020-11-21'),
	(205, 'Konklux_DEMAND_72039', 'MIB_61139', 20, 43, 25, '2019-06-08', '2021-03-09'),
	(206, 'Ronst_DEMAND_83014', 'MIB_95824', 173, 13, 100, '2018-10-30', '2020-10-09'),
	(207, 'Treef2_DEMAND_89700', 'MIB_55783', 97, 49, 25, '2018-09-26', '2021-05-13'),
	(208, 'Ronst_DEMAND_05457', 'MIB_69903', 162, 13, 50, '2018-12-21', '2021-04-05'),
	(209, 'Namfix_DEMAND_03496', 'MIB_84098', 111, 14, 25, '2018-12-23', '2021-02-25'),
	(210, 'Rank2_DEMAND_37171', 'MIB_51275', 114, 28, 50, '2018-11-03', '2020-11-17'),
	(211, 'Bytec_DEMAND_45167', 'MIB_16903', 104, 4, 100, '2019-02-09', '2021-07-01'),
	(212, 'Veribet_DEMAND_55073', 'MIB_66887', 200, 11, 50, '2018-12-18', '2021-02-15'),
	(213, 'Alphaz_DEMAND_10643', 'MIB_21569', 89, 42, 50, '2018-10-27', '2021-06-09'),
	(214, 'Vagram_DEMAND_86709', 'MIB_50592', NULL, 46, 0, NULL, NULL),
	(215, 'Ronst_DEMAND_91040', 'MIB_98728', 138, 13, 50, '2019-08-20', '2021-07-09'),
	(216, 'Matsoft_DEMAND_16668', 'MIB_30653', 171, 32, 25, '2018-10-18', '2021-04-27'),
	(217, 'Duobam_DEMAND_75209', 'MIB_55343', 151, 38, 100, '2019-05-11', '2020-09-29'),
	(218, 'Lotlux_DEMAND_89916', 'MIB_21489', 168, 33, 25, '2019-02-28', '2020-12-02'),
	(219, 'Zamit_DEMAND_69094', 'MIB_10975', 128, 22, 100, '2019-02-05', '2020-11-19'),
	(220, 'Sub-Ex_DEMAND_83381', 'MIB_59107', 21, 26, 100, '2019-01-07', '2021-04-07'),
	(221, 'Volt2_DEMAND_80451', 'MIB_00000', 101, 39, 100, '2019-05-12', '2021-06-15'),
	(222, 'Andal2_DEMAND_99288', 'MIB_13341', 180, 50, 25, '2019-08-23', '2021-05-01'),
	(223, 'Bitwolf_DEMAND_21101', 'MIB_08850', 49, 18, 100, '2019-02-05', '2021-07-22'),
	(224, 'Prod2_DEMAND_97328', 'MIB_69937', 194, 16, 25, '2019-01-13', '2020-09-21'),
	(225, 'Alpha2_DEMAND_05784', 'MIB_06874', 180, 7, 50, '2019-09-13', '2021-06-26'),
	(226, 'Verib2_DEMAND_47535', 'MIB_45051', 97, 48, 25, '2019-07-23', '2020-11-25'),
	(227, 'Tres_DEMAND_98009', 'MIB_29026', 99, 44, 100, '2019-07-20', '2021-04-28'),
	(228, 'Vagram_DEMAND_70667', 'MIB_78729', 157, 46, 25, '2018-10-26', '2021-07-22'),
	(229, 'Veribet_DEMAND_27978', 'MIB_15963', 150, 11, 50, '2019-03-27', '2021-07-28'),
	(230, 'Duobam_DEMAND_07142', 'MIB_06064', 67, 12, 50, '2018-10-24', '2021-01-28'),
	(231, 'Flexidy_DEMAND_81050', 'MIB_80645', 139, 6, 50, '2019-05-29', '2020-11-07'),
	(232, 'Sub-Ex3_DEMAND_08159', 'MIB_47630', NULL, 47, 0, NULL, NULL),
	(233, 'Cardify_DEMAND_23980', 'MIB_17043', 64, 2, 50, '2019-03-06', '2021-06-12'),
	(234, 'Alpha_DEMAND_88238', 'MIB_86128', 55, 3, 50, '2019-09-16', '2020-12-23'),
	(235, 'Y-find_DEMAND_05389', 'MIB_79256', 105, 8, 100, '2019-02-01', '2021-06-21'),
	(236, 'Duobam_DEMAND_39113', 'MIB_30028', 28, 12, 100, '2019-01-21', '2021-03-22'),
	(237, 'Namfix_DEMAND_12456', 'MIB_03481', 160, 14, 25, '2019-06-04', '2021-05-18'),
	(238, 'Bitwolf_DEMAND_80629', 'MIB_37879', 91, 18, 25, '2019-07-30', '2020-09-29'),
	(239, 'Voltsil_DEMAND_03359', 'MIB_36552', 172, 30, 25, '2018-12-29', '2020-12-27'),
	(240, 'Andalax_DEMAND_76687', 'MIB_21636', 24, 29, 100, '2018-10-19', '2020-12-07'),
	(241, 'Y-find_DEMAND_84721', 'MIB_69690', 91, 8, 50, '2019-02-03', '2020-11-13'),
	(242, 'Duobam_DEMAND_59009', 'MIB_63125', 81, 12, 25, '2019-02-05', '2021-05-24'),
	(243, 'Treef_DEMAND_19056', 'MIB_65527', NULL, 19, 0, NULL, NULL),
	(244, 'Lotstr_DEMAND_77406', 'MIB_08532', NULL, 41, 0, NULL, NULL),
	(245, 'Alphaz_DEMAND_82165', 'MIB_57735', 178, 42, 100, '2019-06-06', '2021-04-22'),
	(246, 'Andal2_DEMAND_70027', 'MIB_85650', 22, 50, 25, '2018-10-01', '2021-06-21'),
	(247, 'Sonair_DEMAND_36736', 'MIB_51333', NULL, 23, 0, NULL, NULL),
	(248, 'Tres_DEMAND_47098', 'MIB_82724', 146, 44, 50, '2019-05-24', '2020-11-10'),
	(249, 'Alpha_DEMAND_63687', 'MIB_70993', 139, 3, 25, '2019-05-25', '2021-01-21'),
	(250, 'Bitwolf_DEMAND_66756', 'MIB_36610', 59, 18, 25, '2019-02-09', '2020-12-22'),
	(251, 'Home2_DEMAND_26435', 'MIB_61603', 127, 35, 100, '2018-12-17', '2021-02-22'),
	(252, 'Flexidy_DEMAND_78880', 'MIB_01909', 132, 6, 50, '2019-05-14', '2021-06-29'),
	(253, 'Y-find_DEMAND_93011', 'MIB_68779', 34, 8, 50, '2019-07-25', '2021-03-12'),
	(254, 'Y-find_DEMAND_77074', 'MIB_16097', 61, 8, 80, '2019-09-01', '2021-08-27'),
	(255, 'Alphaz_DEMAND_72392', 'MIB_84116', 51, 42, 20, '2019-01-22', '2021-05-29'),
	(256, 'Treef2_DEMAND_10843', 'MIB_25795', 165, 49, 100, '2019-04-23', '2021-07-22'),
	(257, 'Y-find_DEMAND_00347', 'MIB_67269', 156, 8, 80, '2018-12-12', '2021-02-09'),
	(258, 'Home_DEMAND_82701', 'MIB_35335', 66, 25, 25, '2019-08-16', '2021-04-14'),
	(259, 'Matsoft_DEMAND_03760', 'MIB_31075', 52, 32, 50, '2019-01-11', '2020-10-03'),
	(260, 'Quo Lux_DEMAND_08707', 'MIB_59467', 9, 5, 50, '2020-11-26', '2024-09-23'),
	(261, 'Andal2_DEMAND_58890', 'MIB_65686', 134, 50, 50, '2019-02-19', '2021-01-20'),
	(262, 'Treef_DEMAND_70517', 'MIB_68338', 111, 19, 25, '2019-04-27', '2020-09-25'),
	(263, 'Konklux_DEMAND_68308', 'MIB_69940', 81, 43, 25, '2019-01-13', '2021-05-25'),
	(264, 'Y-find_DEMAND_31484', 'MIB_99889', 11, 8, 50, '2019-07-23', '2021-06-28'),
	(265, 'Duobam_DEMAND_76420', 'MIB_72853', NULL, 12, 0, NULL, NULL),
	(266, 'Home_DEMAND_80766', 'MIB_53886', 158, 25, 100, '2019-01-25', '2021-05-07'),
	(267, 'Ronst_DEMAND_58753', 'MIB_55122', NULL, 13, 0, NULL, NULL),
	(268, 'Cardify_DEMAND_07109', 'MIB_29336', 23, 2, 50, '2019-02-16', '2021-08-18'),
	(269, 'Fixflex_DEMAND_50339', 'MIB_85138', 79, 1, 100, '2019-04-18', '2020-12-20'),
	(270, 'Cardify_DEMAND_70990', 'MIB_30875', 189, 2, 50, '2019-09-09', '2021-06-01'),
	(271, 'Y-find_DEMAND_79637', 'MIB_98630', 10, 8, 100, '2019-10-25', '2021-09-23'),
	(272, 'Lotstr_DEMAND_57530', 'MIB_99694', 143, 41, 100, '2019-08-15', '2021-02-25'),
	(273, 'Flexidy_DEMAND_85640', 'MIB_55424', 195, 6, 25, '2019-02-15', '2020-10-03'),
	(274, 'Home2_DEMAND_12897', 'MIB_50132', 46, 35, 50, '2019-04-30', '2021-07-16'),
	(275, 'Tres_DEMAND_46905', 'MIB_78841', 130, 44, 20, '2018-10-27', '2021-04-28'),
	(276, 'Ronst_DEMAND_58469', 'MIB_65047', 97, 13, 25, '2019-08-18', '2020-10-29'),
	(277, 'Zamit_DEMAND_82403', 'MIB_55461', 172, 22, 25, '2019-05-28', '2021-05-14'),
	(278, 'Duobam_DEMAND_94223', 'MIB_66423', 111, 38, 25, '2018-10-10', '2021-08-26'),
	(279, 'Duobam_DEMAND_54740', 'MIB_96073', 147, 12, 50, '2019-02-19', '2021-09-15'),
	(280, 'Ronst_DEMAND_90516', 'MIB_54883', 153, 13, 50, '2018-11-02', '2020-11-12'),
	(281, 'Latlux2_DEMAND_26199', 'MIB_86482', 190, 17, 100, '2018-11-10', '2021-07-05'),
	(282, 'Sonair_DEMAND_32036', 'MIB_17021', 35, 23, 100, '2019-09-10', '2020-10-01'),
	(283, 'Tres_DEMAND_33743', 'MIB_29196', 138, 44, 25, '2018-12-28', '2021-02-02'),
	(284, 'Alphaz_DEMAND_45395', 'MIB_70845', 186, 42, 50, '2019-05-25', '2021-07-21'),
	(285, 'Sub-Ex_DEMAND_95237', 'MIB_97773', 197, 26, 50, '2019-05-02', '2021-03-29'),
	(286, 'Matsoft_DEMAND_74325', 'MIB_60813', 88, 32, 100, '2018-12-23', '2021-04-29'),
	(287, 'Cardify_DEMAND_71764', 'MIB_67456', 152, 2, 50, '2019-08-31', '2021-09-12'),
	(288, 'Duobam_DEMAND_01874', 'MIB_56091', 50, 12, 25, '2018-09-29', '2021-03-19'),
	(289, 'Treef_DEMAND_62002', 'MIB_30501', NULL, 19, 0, NULL, NULL),
	(290, 'Quo Lux_DEMAND_00300', 'MIB_41217', 48, 5, 50, '2019-06-06', '2020-09-24'),
	(291, 'Sub-Ex2_DEMAND_35294', 'MIB_84019', 6, 40, 100, '2015-09-15', '2022-11-24'),
	(292, 'Veribet_DEMAND_65386', 'MIB_25466', 185, 11, 80, '2019-09-03', '2021-05-26'),
	(293, 'Sonair_DEMAND_41317', 'MIB_86865', 118, 23, 50, '2019-07-06', '2021-01-21'),
	(294, 'Bytec_DEMAND_95680', 'MIB_32458', 54, 4, 50, '2018-11-01', '2021-08-12'),
	(295, 'Sub-Ex_DEMAND_87279', 'MIB_78202', 59, 26, 25, '2018-11-14', '2020-10-11'),
	(296, 'Prod2_DEMAND_20424', 'MIB_34037', 38, 16, 100, '2018-10-21', '2021-02-28'),
	(297, 'Bitwolf_DEMAND_26324', 'MIB_74815', 114, 18, 25, '2019-04-26', '2020-10-27'),
	(298, 'Sub-Ex_DEMAND_92305', 'MIB_08633', 140, 26, 100, '2018-12-17', '2021-08-24'),
	(299, 'Tres_DEMAND_39850', 'MIB_74528', 134, 44, 25, '2019-08-01', '2021-05-23'),
	(300, 'Prod2_DEMAND_60209', 'MIB_68966', 78, 16, 50, '2019-03-28', '2020-11-23'),
	(301, 'Vagram_DEMAND_44681', 'MIB_54520', 95, 46, 50, '2019-05-20', '2020-12-25'),
	(302, 'Lotstr_DEMAND_31906', 'MIB_07908', 192, 41, 25, '2019-04-05', '2021-07-31'),
	(303, 'Vagram_DEMAND_59545', 'MIB_97080', 186, 46, 25, '2019-04-30', '2021-07-26'),
	(304, 'Verib2_DEMAND_73093', 'MIB_71077', 25, 48, 100, '2018-10-04', '2021-05-12'),
	(305, 'Quo Lux_DEMAND_89463', 'MIB_47945', 189, 5, 50, '2019-05-24', '2021-03-12'),
	(306, 'Home2_DEMAND_98217', 'MIB_68742', 33, 35, 50, '2019-09-17', '2020-10-10'),
	(307, 'Cardi2_DEMAND_52839', 'MIB_67745', 78, 31, 50, '2019-03-26', '2020-12-18'),
	(308, 'Sub-Ex_DEMAND_37035', 'MIB_24263', 188, 26, 100, '2019-03-10', '2021-06-30'),
	(309, 'Konklux_DEMAND_36281', 'MIB_85198', 161, 43, 50, '2018-11-21', '2021-03-04'),
	(310, 'Sonair_DEMAND_73381', 'MIB_07222', 66, 23, 25, '2019-03-26', '2020-11-04'),
	(311, 'Verib2_DEMAND_65327', 'MIB_25441', 176, 48, 50, '2019-03-01', '2021-05-08'),
	(312, 'Sonair_DEMAND_58487', 'MIB_38767', 149, 23, 80, '2019-01-19', '2020-09-29'),
	(313, 'Rank2_DEMAND_62571', 'MIB_21207', 146, 28, 50, '2019-03-17', '2021-03-08'),
	(314, 'Vagram_DEMAND_77055', 'MIB_86685', 74, 46, 50, '2019-01-08', '2021-05-21'),
	(315, 'Cardi2_DEMAND_40875', 'MIB_28009', 113, 31, 100, '2018-10-01', '2021-07-06'),
	(316, 'Quo Lux_DEMAND_77555', 'MIB_52017', 193, 5, 50, '2018-11-01', '2021-07-15'),
	(317, 'Volt2_DEMAND_36187', 'MIB_06949', 82, 39, 100, '2019-05-13', '2021-04-01'),
	(318, 'Flexidy_DEMAND_64507', 'MIB_21809', 180, 6, 25, '2019-03-27', '2021-01-21'),
	(319, 'Sonair_DEMAND_83831', 'MIB_19393', 75, 23, 25, '2019-05-07', '2021-04-18'),
	(320, 'Biodex2_DEMAND_31294', 'MIB_14552', 176, 37, 25, '2019-04-23', '2020-12-06');